review_id,product_id,user_id,rating,review_text,review_date
R00000,P1040,U5125,2.0,客服很不专业，解决不了问题。 真的后悔购买，太糟了！ 不推荐，没什么用,2023-09-22
R00001,P1963,U5504,4.0,非常满意的一次购物，会回购的。 这是第1次购买，一如既往的好！,2023-11-21
R00002,P1470,U5021,2.0,一次糟糕的购物体验。,2023-02-04
R00003,P1906,U5586,3.0,挺普通的，没什么特色。 没什么好说的，就这样吧。 用用看再说,2023-09-24
R00004,P1942,U5324,1.0,质量一般，有瑕疵。,2023-09-17
R00005,P1546,U5403,4.0,非常满意的一次购物，会回购的。 没什么特别的,2023-09-03
R00006,P1693,U5986,5.0,外观漂亮，功能齐全。,2023-05-14
R00007,P1036,U5515,1.0,外观普通，功能有问题。,2023-07-24
R00008,P1567,U5156,3.0,一般般，不算好也不算坏。 包装破损，送货慢，还行，凑合用吧,2023-01-10
R00009,P1904,U5009,1.0,包装破损，送货慢。 不推荐，没什么用，暂时没发现什么问题,2023-07-31
R00010,P1540,U5740,2.0,性价比不高，不值得。,2023-11-05
R00011,P1168,U5685,1.0,   ,2023-01-29
R00012,P1249,U5794,4.0,非常满意的一次购物，会回购的。,2023-04-06
R00013,P1287,U5136,5.0,质量很好，物超所值。 这是第2次购买，一如既往的好！ 非常满意的一次购物，会回购的，挺普通的，没什么特色,2023-06-25
R00014,P1590,U5696,1.0,有点失望，和描述不符。 性价比不高，不值得,2023-01-22
R00015,P1577,U5210,3.0,挺普通的，没什么特色。 没什么好说的，就这样吧。,2023-05-11
R00016,P1729,U5628,5.0,推荐购买，效果显著。 简直完美，超出预期，客服很不专业，解决不了问题,2023-06-25
R00017,P1549,U5534,3.0,没什么特别的。,2023-03-18
R00018,P1550,U5447,3.0,一般般，不算好也不算坏。 没什么好说的，就这样吧。,2023-09-23
R00019,P1972,U5108,3.0,暂时没发现什么问题。 一次糟糕的购物体验,2023-05-07
R00020,P1428,U5876,3.0,一般般，不算好也不算坏。 一般般，不算好也不算坏，外观漂亮，功能齐全,2023-07-17
R00021,P1010,U5211,5.0,简直完美，超出预期。 差评，太差了，不满意，不会再买,2023-05-05
R00022,P1210,U5440,2.0,质量一般，有瑕疵。,2023-11-19
R00023,P1154,U5181,3.0,还可以吧，一般般。,2023-11-11
R00024,P1590,U5581,2.0,包装破损，送货慢。 物流还算正常,2023-11-07
R00025,P1430,U5474,2.0,一次糟糕的购物体验。 真的后悔购买，太糟了！ 还行，凑合用吧，还可以吧，一般般,2023-05-04
R00026,P1170,U5466,3.0,价格适中，没有惊喜。 没什么好说的，就这样吧。 用用看再说，性价比很高，值得拥有,2023-01-06
R00027,P1814,U5649,5.0,性价比很高，值得拥有。,2023-01-20
R00028,P1130,U5057,5.0,客服服务态度很好，耐心解答。,2023-06-17
R00029,P1265,U5371,3.0,没什么特别的。,2023-03-13
R00030,P1912,U5046,4.0,客服服务态度很好，耐心解答。,2023-02-27
R00031,P1181,U5284,2.0,不推荐，没什么用。,2023-02-10
R00032,P1175,U5853,1.0,有点失望，和描述不符。 挺普通的，没什么特色，外观漂亮，功能齐全,2023-05-26
R00033,P1149,U5682,5.0,包装精美，送货速度快。 这是第3次购买，一如既往的好！,2023-09-30
R00034,P1558,U5705,2.0,性价比不高，不值得。 真的后悔购买，太糟了！ 客服服务态度很好，耐心解答,2023-07-11
R00035,P1292,U5492,1.0,一次糟糕的购物体验。 真的后悔购买，太糟了！ 包装精美，送货速度快,2023-10-22
R00036,P1399,U5678,1.0,差评，太差了。 还可以吧，一般般，包装破损，送货慢,2023-05-17
R00037,P1503,U5121,5.0,家人都很喜欢，下次还会光顾。 这是第3次购买，一如既往的好！,2023-08-23
R00038,P1225,U5793,3.0,挺普通的，没什么特色。,2023-08-18
R00039,P1454,U5800,1.0,性价比不高，不值得。 真的后悔购买，太糟了！ 质量很好，物超所值，物流还算正常,2023-02-02
R00040,P1466,U5860,3.0,一般般，不算好也不算坏。 没什么好说的，就这样吧。,2023-03-07
R00041,P1741,U5720,5.0,质量很好，物超所值。,2023-05-29
R00042,P1432,U5644,2.0,不满意，不会再买。,2023-07-29
R00043,P1437,U5109,1.0,不满意，不会再买。 非常满意的一次购物，会回购的，简直完美，超出预期,2023-04-04
R00044,P1257,U5195,4.0,非常好，我很喜欢！ 这是第1次购买，一如既往的好！ 简直完美，超出预期,2023-04-05
R00045,P1870,U5826,2.0,质量一般，有瑕疵。 还可以吧，一般般，用用看再说,2023-08-24
R00046,P1106,U5385,5.0,家人都很喜欢，下次还会光顾。 这是第2次购买，一如既往的好！,2023-01-08
R00047,P1859,U5190,2.0,客服很不专业，解决不了问题。,2023-09-23
R00048,P1493,U5143,1.0,质量一般，有瑕疵。,2023-02-05
R00049,P1884,U5022,3.0,一般般，不算好也不算坏。,2023-08-07
R00050,P1839,U5465,3.0,挺普通的，没什么特色。,2023-10-15
R00051,P1165,U5036,2.0,不满意，不会再买。 外观普通，功能有问题，推荐购买，效果显著,2023-06-05
R00052,P1962,U5230,5.0,推荐购买，效果显著。 性价比很高，值得拥有，质量一般，有瑕疵,2023-01-24
R00053,P1251,U5655,2.0,包装破损，送货慢。,2023-09-02
R00054,P1057,U5861,5.0,包装精美，送货速度快。,2023-06-21
R00055,P1052,U5573,1.0,外观普通，功能有问题。 真的后悔购买，太糟了！,2023-07-02
R00056,P1644,U5842,,包装破损，送货慢。 真的后悔购买，太糟了！ 包装破损，送货慢,2023-08-20
R00057,P1423,U5739,5.0,客服服务态度很好，耐心解答。,2023-07-06
R00058,P1412,U5935,5.0,非常好，我很喜欢！ 这是第4次购买，一如既往的好！ 还行，凑合用吧,2023-06-13
R00059,P1267,U5553,1.0,外观普通，功能有问题。,2023-09-22
R00060,P2000,U5399,5.0,家人都很喜欢，下次还会光顾。,2023-09-17
R00061,P1927,U5554,4.0,客服服务态度很好，耐心解答。 这是第2次购买，一如既往的好！,2023-05-25
R00062,P1740,U5736,4.0,非常好，我很喜欢！ 质量一般，有瑕疵，非常好，我很喜欢,2023-11-14
R00063,P1793,U5813,4.0,性价比很高，值得拥有。 不推荐，没什么用，非常满意的一次购物，会回购的,2023-05-03
R00064,P1688,U5403,1.0,差评，太差了。,2023-04-10
R00065,P1424,U5475,3.0,价格适中，没有惊喜。,2023-02-14
R00066,P1283,U5384,1.0,不推荐，没什么用。 真的后悔购买，太糟了！ 挺普通的，没什么特色，包装精美，送货速度快,2023-03-11
R00067,P1057,U5080,3.0,还可以吧，一般般。 挺普通的，没什么特色,2023-08-21
R00068,P1021,U5527,2.0,包装破损，送货慢。 真的后悔购买，太糟了！ 还行，凑合用吧，还行，凑合用吧,2023-09-24
R00069,P1375,,2.0,有点失望，和描述不符。 真的后悔购买，太糟了！,2023-07-19
R00070,P1068,U5631,2.0,不推荐，没什么用。,2023-03-17
R00071,P1428,U5411,1.0,不推荐，没什么用。,2023-11-29
R00072,P1585,U5185,1.0,差评，太差了。,2023-10-12
R00073,P1916,U5346,5.0,性价比很高，值得拥有。 这是第1次购买，一如既往的好！,2023-01-16
R00074,P1481,U5499,1.0,质量一般，有瑕疵。 非常满意的一次购物，会回购的，非常满意的一次购物，会回购的,2023-02-05
R00075,P1121,U5263,5.0,家人都很喜欢，下次还会光顾。 这是第5次购买，一如既往的好！,2023-12-08
R00076,P1043,U5811,5.0,外观漂亮，功能齐全。 这是第3次购买，一如既往的好！ 暂时没发现什么问题，不推荐，没什么用,2023-09-09
R00077,P1489,U5976,3.0,用用看再说。 包装破损，送货慢,2023-05-11
R00078,P1216,U5481,4.0,推荐购买，效果显著。 价格适中，没有惊喜，一次糟糕的购物体验,2023-08-18
R00079,P1121,U5949,3.0,一般般，不算好也不算坏。 没什么好说的，就这样吧。,2023-08-29
R00080,P1091,U5389,2.0,包装破损，送货慢。 暂时没发现什么问题，有点失望，和描述不符,2023-10-02
R00081,P1046,,4.0,质量很好，物超所值。,2023-11-30
R00082,P1996,U5950,1.0,不推荐，没什么用。 真的后悔购买，太糟了！,2023-09-15
R00083,P1930,,5.0,简直完美，超出预期。 有点失望，和描述不符，挺普通的，没什么特色,2023-09-05
R00084,P1266,U5319,4.0,非常好，我很喜欢！ 这是第3次购买，一如既往的好！,2023-09-09
R00085,P1758,U5349,3.0,价格适中，没有惊喜。 客服很不专业，解决不了问题，差评，太差了,2023-02-05
R00086,P1314,U5550,3.0,用用看再说。 没什么好说的，就这样吧。 质量一般，有瑕疵,2023-06-22
R00087,P1606,U5933,3.0,价格适中，没有惊喜。 没什么好说的，就这样吧。,2023-08-02
R00088,P1797,U5327,1.0,,2023-09-03
R00089,P1403,U5003,4.0,推荐购买，效果显著。 一次糟糕的购物体验，质量一般，有瑕疵,2023-06-06
R00090,P1250,U5478,4.0,客服服务态度很好，耐心解答。,2023-01-22
R00091,P1593,U5831,5.0,推荐购买，效果显著。 非常好，我很喜欢，质量很好，物超所值,2023-08-14
R00092,P1671,U5934,2.0,有点失望，和描述不符。 真的后悔购买，太糟了！ 还可以吧，一般般,2023-04-17
R00093,P1473,U5301,1.0,不推荐，没什么用。 有点失望，和描述不符，外观漂亮，功能齐全,2023-05-14
R00094,P1915,U5550,3.0,用用看再说。,2023-04-04
R00095,P1452,U5544,5.0,推荐购买，效果显著。,2023-05-20
R00096,P1888,U5295,2.0,不满意，不会再买。 真的后悔购买，太糟了！,2023-02-21
R00097,P1607,U5963,5.0,推荐购买，效果显著。,2023-02-26
R00098,P1374,U5614,5.0,非常满意的一次购物，会回购的。 这是第1次购买，一如既往的好！ 性价比不高，不值得，包装精美，送货速度快,2023-02-16
R00099,P1296,U5883,1.0,包装破损，送货慢。 包装破损，送货慢,2023-01-07
R00100,P1869,U5565,4.0,性价比很高，值得拥有。,2023-09-29
R00101,P1422,U5054,1.0,性价比不高，不值得。,2023-10-03
R00102,P1696,U5747,3.0,还可以吧，一般般。 价格适中，没有惊喜，差评，太差了,2023-10-19
R00103,P1931,U5618,4.0,家人都很喜欢，下次还会光顾。,2023-05-08
R00104,P1299,U5449,3.0,没什么特别的。,2023-06-21
R00105,P1419,U5918,4.0,家人都很喜欢，下次还会光顾。,2023-05-24
R00106,P1099,U5663,4.0,客服服务态度很好，耐心解答。,2023-02-21
R00107,P1729,U5150,5.0,质量很好，物超所值。,2023-02-11
R00108,P1634,U5935,3.0,暂时没发现什么问题。,2023-06-05
R00109,P1708,U5328,1.0,质量一般，有瑕疵。 真的后悔购买，太糟了！,2023-04-17
R00110,P1001,U5615,2.0,差评，太差了。,2023-12-19
R00111,P1767,U5146,5.0,外观漂亮，功能齐全。 这是第2次购买，一如既往的好！,2023-06-06
R00112,P1210,U5318,2.0,差评，太差了。 真的后悔购买，太糟了！,2023-01-01
R00113,P1476,U5497,5.0,客服服务态度很好，耐心解答。 差评，太差了,2023-11-29
R00114,P1195,U5456,1.0,有点失望，和描述不符。,2023-10-16
R00115,P1097,U5563,2.0,外观普通，功能有问题。 真的后悔购买，太糟了！,2023-06-27
R00116,P1902,U5242,5.0,非常满意的一次购物，会回购的。,2023-02-23
R00117,P1726,U5692,3.0,挺普通的，没什么特色。,2023-07-24
R00118,P1895,U5705,3.0,用用看再说。 没什么好说的，就这样吧。,2023-05-15
R00119,P1364,U5434,5.0,质量很好，物超所值。 质量很好，物超所值，一般般，不算好也不算坏,2023-03-16
R00120,P1462,U5988,5.0,外观漂亮，功能齐全。 这是第4次购买，一如既往的好！,2023-07-05
R00121,P1056,U5605,4.0,包装精美，送货速度快。 一般般，不算好也不算坏,2023-10-01
R00122,P1849,U5912,5.0,质量很好，物超所值。 这是第2次购买，一如既往的好！,2023-06-12
R00123,P1367,U5307,3.0,价格适中，没有惊喜。 没什么好说的，就这样吧。 非常满意的一次购物，会回购的,2023-07-03
R00124,P1238,U5654,2.0,不满意，不会再买。 有点失望，和描述不符,2023-07-17
R00125,P1624,U5560,5.0,简直完美，超出预期。,2023-05-17
R00126,P1910,U5605,5.0,包装精美，送货速度快。 暂时没发现什么问题,2023-04-25
R00127,P1264,U5178,5.0,客服服务态度很好，耐心解答。 这是第5次购买，一如既往的好！,2023-11-10
R00128,P1109,U5744,1.0,不满意，不会再买。 真的后悔购买，太糟了！,2023-01-22
R00129,P1756,U5690,3.0,挺普通的，没什么特色。 没什么好说的，就这样吧。,2023-05-13
R00130,P1369,U5178,1.0,质量一般，有瑕疵。 非常好，我很喜欢,2023-04-14
R00131,P1609,U5606,5.0,外观漂亮，功能齐全。 包装精美，送货速度快,2023-08-07
R00132,P1631,U5236,4.0,推荐购买，效果显著。 包装破损，送货慢，性价比很高，值得拥有,2023-12-22
R00133,P1950,U5593,4.0,外观漂亮，功能齐全。,2023-03-23
R00134,P1445,U5215,4.0,推荐购买，效果显著。 这是第2次购买，一如既往的好！,2023-07-30
R00135,P1120,U5207,2.0,不满意，不会再买。 真的后悔购买，太糟了！,2023-10-21
R00136,P1732,U5694,1.0,客服很不专业，解决不了问题。,2023-02-03
R00137,P1758,U5705,3.0,,2023-05-31
R00138,P1194,U5927,1.0,包装破损，送货慢。,2023-12-25
R00139,P1654,U5928,5.0,非常好，我很喜欢！ 有点失望，和描述不符,2023-06-13
R00140,P1841,U5577,1.0,包装破损，送货慢。 真的后悔购买，太糟了！ 质量一般，有瑕疵，性价比很高，值得拥有,2023-01-31
R00141,P1470,U5621,3.0,挺普通的，没什么特色。 没什么好说的，就这样吧。 差评，太差了,2023-05-30
R00142,P1613,U5341,3.0,还行，凑合用吧。,2023-03-21
R00143,P1680,U5945,4.0,外观漂亮，功能齐全。 这是第2次购买，一如既往的好！ 非常满意的一次购物，会回购的，外观漂亮，功能齐全,2023-10-27
R00144,P1410,U5767,3.0,   ,2023-01-17
R00145,P1290,U5548,1.0,不推荐，没什么用。,2023-02-12
R00146,P1309,U5082,4.0,简直完美，超出预期。,2023-05-10
R00147,P1408,U5261,4.0,推荐购买，效果显著。 推荐购买，效果显著,2023-09-14
R00148,P1306,U5961,4.0,简直完美，超出预期。,2023-09-20
R00149,P1517,U5314,5.0,非常好，我很喜欢！ 这是第4次购买，一如既往的好！ 差评，太差了，不推荐，没什么用,2023-11-16
R00150,P1424,U5669,5.0,非常好，我很喜欢！,2023-07-14
R00151,P1996,U5163,3.0,中规中矩，符合预期。 没什么好说的，就这样吧。 性价比很高，值得拥有，客服服务态度很好，耐心解答,2023-12-08
R00152,P1616,U5270,1.0,不满意，不会再买。,2023-10-11
R00153,P1933,U5148,3.0,挺普通的，没什么特色。 质量很好，物超所值，不推荐，没什么用,2023-09-23
R00154,P1704,U5609,2.0,质量一般，有瑕疵。 真的后悔购买，太糟了！ 还行，凑合用吧，一般般，不算好也不算坏,2023-05-23
R00155,P1691,U5702,3.0,一般般，不算好也不算坏。 没什么好说的，就这样吧。,2023-08-08
R00156,P1028,U5629,3.0,价格适中，没有惊喜。 没什么好说的，就这样吧。 一次糟糕的购物体验，差评，太差了,2023-11-14
R00157,P1476,U5367,3.0,还行，凑合用吧。 没什么好说的，就这样吧。 还可以吧，一般般,2023-12-16
R00158,P1788,U5763,5.0,非常满意的一次购物，会回购的。,2023-12-26
R00159,P1707,U5301,2.0,外观普通，功能有问题。 真的后悔购买，太糟了！ 客服服务态度很好，耐心解答,2023-12-05
R00160,P1700,U5687,1.0,包装破损，送货慢。 真的后悔购买，太糟了！ 差评，太差了,2023-04-03
R00161,P1214,U5965,5.0,包装精美，送货速度快。 这是第1次购买，一如既往的好！ 一般般，不算好也不算坏,2023-02-04
R00162,P1285,U5906,5.0,质量很好，物超所值。 不推荐，没什么用,2023-08-22
R00163,P1198,U5923,4.0,简直完美，超出预期。 客服服务态度很好，耐心解答,2023-09-30
R00164,P1940,U5451,4.0,非常满意的一次购物，会回购的。 这是第4次购买，一如既往的好！ 没什么特别的，家人都很喜欢，下次还会光顾,2023-06-30
R00165,P1713,U5495,3.0,暂时没发现什么问题。 没什么好说的，就这样吧。,2023-06-30
R00166,P1974,U5499,1.0,质量一般，有瑕疵。 真的后悔购买，太糟了！ 家人都很喜欢，下次还会光顾，包装破损，送货慢,2023-03-13
R00167,P1048,U5121,2.0,差评，太差了。 真的后悔购买，太糟了！ 差评，太差了，中规中矩，符合预期,2023-01-15
R00168,P1639,U5124,5.0,非常好，我很喜欢！,2023-06-21
R00169,P1896,U5519,1.0,性价比不高，不值得。 真的后悔购买，太糟了！ 物流还算正常，差评，太差了,2023-08-19
R00170,P1212,U5107,4.0,包装精美，送货速度快。,2023-09-05
R00171,P1730,U5987,2.0,包装破损，送货慢。 真的后悔购买，太糟了！,2023-01-19
R00172,P1503,U5978,3.0,价格适中，没有惊喜。 没什么好说的，就这样吧。,2023-12-18
R00173,P1384,U5977,4.0,外观漂亮，功能齐全。,2023-01-09
R00174,P1003,U5093,1.0,不满意，不会再买。 真的后悔购买，太糟了！,2023-08-22
R00175,P1198,U5028,4.0,客服服务态度很好，耐心解答。 这是第3次购买，一如既往的好！,2023-09-30
R00176,P1972,U5925,2.0,有点失望，和描述不符。 真的后悔购买，太糟了！ 不推荐，没什么用,2023-06-03
R00177,P1281,U5276,1.0,外观普通，功能有问题。,2023-04-05
R00178,P1995,U5090,5.0,客服服务态度很好，耐心解答。,2023-06-23
R00179,P1762,U5497,1.0,性价比不高，不值得。 真的后悔购买，太糟了！ 有点失望，和描述不符,2023-12-15
R00180,P1686,U5056,4.0,,2023-01-09
R00181,P1870,U5090,4.0,非常好，我很喜欢！ 这是第2次购买，一如既往的好！ 性价比很高，值得拥有,2023-03-10
R00182,P1459,U5975,3.0,还行，凑合用吧。,2023-02-02
R00183,P1572,U5148,2.0,不满意，不会再买。 还可以吧，一般般，外观普通，功能有问题,2023-04-24
R00184,P1043,U5062,3.0,用用看再说。 没什么好说的，就这样吧。,2023-10-12
R00185,P1301,U5276,1.0,不满意，不会再买。,2023-05-03
R00186,P1663,U5653,,质量一般，有瑕疵。 真的后悔购买，太糟了！,2023-01-21
R00187,P1107,U5148,3.0,挺普通的，没什么特色。 不推荐，没什么用，质量一般，有瑕疵,2023-09-29
R00188,P1328,U5867,3.0,挺普通的，没什么特色。 没什么好说的，就这样吧。,2023-06-11
R00189,P1073,U5341,1.0,包装破损，送货慢。 真的后悔购买，太糟了！,2023-10-31
R00190,P1727,U5871,4.0,简直完美，超出预期。,2023-04-22
R00191,P1624,U5401,5.0,客服服务态度很好，耐心解答。,2023-10-22
R00192,P1873,U5396,,性价比很高，值得拥有。 性价比不高，不值得,2023-03-20
R00193,P1819,U5323,3.0,暂时没发现什么问题。,2023-01-21
R00194,P1741,U5642,1.0,一次糟糕的购物体验。 差评，太差了,2023-12-21
R00195,P1844,U5101,3.0,价格适中，没有惊喜。 一次糟糕的购物体验,2023-01-25
R00196,P1064,U5511,4.0,客服服务态度很好，耐心解答。 这是第5次购买，一如既往的好！ 包装精美，送货速度快,2023-09-01
R00197,P1553,U5105,2.0,包装破损，送货慢。,2023-10-01
R00198,P1255,U5666,1.0,一次糟糕的购物体验。,2023-10-18
R00199,P1353,U5022,2.0,不推荐，没什么用。 真的后悔购买，太糟了！ 中规中矩，符合预期，质量一般，有瑕疵,2023-01-29
R00200,P1851,U5952,3.0,价格适中，没有惊喜。 没什么好说的，就这样吧。 外观漂亮，功能齐全,2023-11-24
R00201,P1738,U5718,5.0,性价比很高，值得拥有。,2023-03-21
R00202,P1937,U5606,4.0,家人都很喜欢，下次还会光顾。,2023-01-01
R00203,P1508,U5651,1.0,一次糟糕的购物体验。,2023-05-29
R00204,P1991,U5686,1.0,一次糟糕的购物体验。,2023-04-18
R00205,P1294,U5363,5.0,质量很好，物超所值。 这是第2次购买，一如既往的好！ 物流还算正常，不满意，不会再买,2023-04-08
R00206,P1161,U5361,5.0,质量很好，物超所值。 中规中矩，符合预期,2023-04-20
R00207,P1173,U5296,5.0,家人都很喜欢，下次还会光顾。,2023-11-14
R00208,P1532,U5680,5.0,外观漂亮，功能齐全。 这是第3次购买，一如既往的好！,2023-09-30
R00209,P1185,U5961,1.0,有点失望，和描述不符。 真的后悔购买，太糟了！ 挺普通的，没什么特色，还可以吧，一般般,2023-04-16
R00210,P1332,U5539,3.0,用用看再说。,2023-04-30
R00211,P1676,U5360,1.0,不推荐，没什么用。,2023-11-26
R00212,P1676,U5679,1.0,有点失望，和描述不符。 真的后悔购买，太糟了！ 简直完美，超出预期，外观普通，功能有问题,2023-04-20
R00213,P1131,U5445,3.0,没什么特别的。 不推荐，没什么用，家人都很喜欢，下次还会光顾,2023-08-20
R00214,P1957,U5868,3.0,一般般，不算好也不算坏。 没什么好说的，就这样吧。,2023-07-29
R00215,P1460,U5881,2.0,不满意，不会再买。 真的后悔购买，太糟了！ 没什么特别的,2023-12-05
R00216,P1838,U5011,3.0,暂时没发现什么问题。 没什么好说的，就这样吧。,2023-09-04
R00217,P1940,U5606,3.0,挺普通的，没什么特色。 没什么好说的，就这样吧。 家人都很喜欢，下次还会光顾，差评，太差了,2023-10-23
R00218,P1498,U5985,1.0,不推荐，没什么用。,2023-04-30
R00219,P1741,U5169,3.0,没什么特别的。 有点失望，和描述不符,2023-04-06
R00220,P1855,U5988,4.0,外观漂亮，功能齐全。 外观漂亮，功能齐全，外观普通，功能有问题,2023-01-29
R00221,P1235,U5913,3.0,挺普通的，没什么特色。 没什么好说的，就这样吧。 差评，太差了，包装破损，送货慢,2023-08-17
R00222,P1968,U5906,3.0,没什么特别的。 没什么好说的，就这样吧。,2023-08-23
R00223,P1243,U5484,1.0,包装破损，送货慢。 真的后悔购买，太糟了！,2023-04-30
R00224,P1311,U5017,4.0,简直完美，超出预期。,2023-05-27
R00225,P1286,U5095,3.0,一般般，不算好也不算坏。 没什么好说的，就这样吧。,2023-07-27
R00226,P1353,U5620,5.0,非常满意的一次购物，会回购的。,2023-06-15
R00227,P1358,U5904,2.0,一次糟糕的购物体验。,2023-12-08
R00228,P1043,U5213,5.0,简直完美，超出预期。 一次糟糕的购物体验，用用看再说,2023-03-06
R00229,P1896,U5054,4.0,客服服务态度很好，耐心解答。 这是第4次购买，一如既往的好！ 性价比不高，不值得,2023-06-13
R00230,P1101,U5551,1.0,不满意，不会再买。 真的后悔购买，太糟了！ 简直完美，超出预期，质量很好，物超所值,2023-01-22
R00231,P1881,U5168,,性价比不高，不值得。 质量很好，物超所值,2023-01-07
R00232,P1052,U5756,4.0,包装精美，送货速度快。 挺普通的，没什么特色,2023-04-27
R00233,P1323,U5071,1.0,质量一般，有瑕疵。 真的后悔购买，太糟了！,2023-02-06
R00234,P1449,U5837,4.0,家人都很喜欢，下次还会光顾。,2023-07-29
R00235,P1075,U5185,2.0,客服很不专业，解决不了问题。 真的后悔购买，太糟了！,2023-09-13
R00236,P1423,U5092,1.0,有点失望，和描述不符。,2023-04-28
R00237,P1641,U5380,4.0,推荐购买，效果显著。 性价比不高，不值得,2023-07-05
R00238,P1166,U5907,5.0,家人都很喜欢，下次还会光顾。,2023-09-05
R00239,P1401,U5669,5.0,包装精美，送货速度快。 这是第2次购买，一如既往的好！ 不推荐，没什么用,2023-03-26
R00240,P1598,U5809,3.0,挺普通的，没什么特色。,2023-12-26
R00241,P1836,U5685,4.0,客服服务态度很好，耐心解答。 外观漂亮，功能齐全，中规中矩，符合预期,2023-11-12
R00242,P1987,U5499,2.0,质量一般，有瑕疵。 真的后悔购买，太糟了！ 有点失望，和描述不符，一般般，不算好也不算坏,2023-06-07
R00243,P1183,U5706,1.0,一次糟糕的购物体验。,2023-04-16
R00244,P1239,U5150,5.0,家人都很喜欢，下次还会光顾。,2023-07-26
R00245,P1547,U5457,5.0,推荐购买，效果显著。,2023-02-16
R00246,P1323,U5938,5.0,非常满意的一次购物，会回购的。 这是第4次购买，一如既往的好！ 家人都很喜欢，下次还会光顾，家人都很喜欢，下次还会光顾,2023-07-24
R00247,P1608,U5014,4.0,推荐购买，效果显著。 这是第2次购买，一如既往的好！ 不满意，不会再买，用用看再说,2023-11-13
R00248,P1277,U5156,2.0,质量一般，有瑕疵。 真的后悔购买，太糟了！,2023-09-04
R00249,P1865,U5427,4.0,性价比很高，值得拥有。,2023-06-17
R00250,P1927,U5583,2.0,包装破损，送货慢。,2023-07-02
R00251,P1342,U5473,2.0,不推荐，没什么用。 真的后悔购买，太糟了！,2023-02-22
R00252,P1028,U5911,5.0,外观漂亮，功能齐全。 这是第2次购买，一如既往的好！ 客服很不专业，解决不了问题,2023-09-21
R00253,P1521,U5322,1.0,一次糟糕的购物体验。,2023-08-11
R00254,P1405,U5018,5.0,客服服务态度很好，耐心解答。,2023-08-23
R00255,P1353,U5688,3.0,没什么特别的。,2023-06-27
R00256,P1131,U5469,4.0,包装精美，送货速度快。 这是第1次购买，一如既往的好！,2023-03-30
R00257,P1581,U5564,1.0,一次糟糕的购物体验。,2023-11-08
R00258,P1385,U5697,1.0,包装破损，送货慢。,2023-06-19
R00259,P1187,U5596,3.0,中规中矩，符合预期。,2023-09-26
R00260,P1454,U5854,3.0,用用看再说。 非常好，我很喜欢,2023-09-09
R00261,P1475,U5638,3.0,价格适中，没有惊喜。 中规中矩，符合预期，推荐购买，效果显著,2023-12-12
R00262,P1057,U5317,4.0,推荐购买，效果显著。 这是第2次购买，一如既往的好！ 物流还算正常,2023-03-15
R00263,P1094,,5.0,家人都很喜欢，下次还会光顾。,2023-05-31
R00264,P1922,U5842,4.0,性价比很高，值得拥有。,2023-10-04
R00265,P1774,U5335,5.0,简直完美，超出预期。 这是第2次购买，一如既往的好！,2023-07-30
R00266,P1472,U5601,5.0,非常好，我很喜欢！ 这是第3次购买，一如既往的好！ 暂时没发现什么问题,2023-04-02
R00267,P1155,U5958,5.0,家人都很喜欢，下次还会光顾。 这是第5次购买，一如既往的好！,2023-04-25
R00268,P1699,U5381,5.0,家人都很喜欢，下次还会光顾。,2023-05-07
R00269,P1705,U5030,1.0,客服很不专业，解决不了问题。 真的后悔购买，太糟了！,2023-04-05
R00270,P1259,U5587,2.0,不推荐，没什么用。,2023-06-04
R00271,P1882,U5094,1.0,差评，太差了。 真的后悔购买，太糟了！,2023-04-13
R00272,P1356,U5357,3.0,暂时没发现什么问题。 没什么好说的，就这样吧。,2023-09-30
R00273,P1501,U5691,2.0,性价比不高，不值得。 客服很不专业，解决不了问题，有点失望，和描述不符,2023-07-23
R00274,P1631,U5443,2.0,不推荐，没什么用。,2023-03-18
R00275,P1410,U5407,,外观普通，功能有问题。 还行，凑合用吧,2023-07-01
R00276,P1982,U5884,4.0,外观漂亮，功能齐全。 外观漂亮，功能齐全，暂时没发现什么问题,2023-04-12
R00277,P1053,U5647,4.0,简直完美，超出预期。,2023-06-30
R00278,P1999,U5204,4.0,,2023-12-23
R00279,P1516,U5633,4.0,非常满意的一次购物，会回购的。,2023-02-20
R00280,P1447,U5935,4.0,客服服务态度很好，耐心解答。,2023-04-05
R00281,P1764,U5145,3.0,还行，凑合用吧。 没什么好说的，就这样吧。 一次糟糕的购物体验，一次糟糕的购物体验,2023-01-07
R00282,P1488,U5006,,包装破损，送货慢。 真的后悔购买，太糟了！ 性价比不高，不值得,2023-07-24
R00283,P1082,U5729,4.0,客服服务态度很好，耐心解答。 这是第4次购买，一如既往的好！,2023-06-30
R00284,P1518,U5096,5.0,性价比很高，值得拥有。,2023-04-06
R00285,P1063,U5835,4.0,家人都很喜欢，下次还会光顾。 这是第3次购买，一如既往的好！,2023-11-25
R00286,P1578,U5275,5.0,非常好，我很喜欢！ 简直完美，超出预期,2023-02-27
R00287,P1839,U5278,3.0,物流还算正常。 外观普通，功能有问题，简直完美，超出预期,2023-05-21
R00288,P1580,U5314,3.0,还可以吧，一般般。 没什么好说的，就这样吧。,2023-01-01
R00289,P1203,U5952,3.0,物流还算正常。 没什么好说的，就这样吧。,2023-01-15
R00290,P1291,U5469,2.0,客服很不专业，解决不了问题。,2023-10-05
R00291,P1214,U5519,2.0,性价比不高，不值得。 真的后悔购买，太糟了！,2023-06-04
R00292,P1977,U5291,2.0,不满意，不会再买。 真的后悔购买，太糟了！ 客服很不专业，解决不了问题,2023-05-19
R00293,P1110,U5801,4.0,非常好，我很喜欢！ 质量很好，物超所值，物流还算正常,2023-12-04
R00294,P1357,U5472,2.0,性价比不高，不值得。 物流还算正常,2023-04-23
R00295,P1659,U5630,3.0,还行，凑合用吧。 不推荐，没什么用，还行，凑合用吧,2023-12-19
R00296,P1456,U5704,4.0,推荐购买，效果显著。 这是第2次购买，一如既往的好！ 质量一般，有瑕疵，不满意，不会再买,2023-11-11
R00297,P1512,U5480,1.0,外观普通，功能有问题。,2023-08-19
R00298,P1307,U5407,4.0,家人都很喜欢，下次还会光顾。 这是第2次购买，一如既往的好！ 推荐购买，效果显著,2023-06-03
R00299,P1969,U5109,4.0,家人都很喜欢，下次还会光顾。,2023-03-15
R00300,P1921,U5067,1.0,一次糟糕的购物体验。 一次糟糕的购物体验,2023-03-18
R00301,P1926,U5324,2.0,不满意，不会再买。,2023-10-02
R00302,P1029,U5743,5.0,非常好，我很喜欢！ 这是第5次购买，一如既往的好！,2023-12-07
R00303,P1982,U5403,5.0,家人都很喜欢，下次还会光顾。 这是第3次购买，一如既往的好！ 一般般，不算好也不算坏，不满意，不会再买,2023-12-30
R00304,P1713,U5740,4.0,推荐购买，效果显著。,2023-06-29
R00305,P1449,U5387,3.0,还行，凑合用吧。 外观普通，功能有问题,2023-12-04
R00306,P1768,U5078,5.0,非常满意的一次购物，会回购的。 这是第2次购买，一如既往的好！,2023-03-23
R00307,P1767,U5391,5.0,性价比很高，值得拥有。,2023-05-10
R00308,P1476,U5276,3.0,价格适中，没有惊喜。 没什么好说的，就这样吧。,2023-04-27
R00309,P1979,U5184,3.0,物流还算正常。 没什么好说的，就这样吧。 还可以吧，一般般，暂时没发现什么问题,2023-03-08
R00310,P1086,U5143,5.0,非常好，我很喜欢！ 还可以吧，一般般,2023-03-20
R00311,P1341,U5013,2.0,包装破损，送货慢。,2023-05-29
R00312,P1268,U5188,5.0,推荐购买，效果显著。,2023-03-09
R00313,P1712,U5474,1.0,外观普通，功能有问题。,2023-07-08
R00314,P1550,U5566,1.0,外观普通，功能有问题。 真的后悔购买，太糟了！,2023-06-25
R00315,P1715,U5041,1.0,有点失望，和描述不符。 简直完美，超出预期,2023-01-12
R00316,P1294,U5366,2.0,不推荐，没什么用。 真的后悔购买，太糟了！,2023-12-03
R00317,P1061,U5130,2.0,一次糟糕的购物体验。 家人都很喜欢，下次还会光顾,2023-11-22
R00318,P1106,U5098,2.0,差评，太差了。,2023-12-10
R00319,P1556,U5288,2.0,有点失望，和描述不符。 真的后悔购买，太糟了！,2023-02-14
R00320,P1310,U5215,1.0,性价比不高，不值得。,2023-11-11
R00321,P1560,U5796,4.0,推荐购买，效果显著。 这是第1次购买，一如既往的好！ 中规中矩，符合预期,2023-01-25
R00322,P1745,U5908,4.0,非常满意的一次购物，会回购的。 推荐购买，效果显著，还行，凑合用吧,2023-05-26
R00323,P1400,U5954,3.0,没什么特别的。 没什么好说的，就这样吧。 外观普通，功能有问题，非常好，我很喜欢,2023-05-20
R00324,P1597,U5738,5.0,外观漂亮，功能齐全。 这是第5次购买，一如既往的好！ 一般般，不算好也不算坏,2023-08-21
R00325,P1932,U5563,5.0,简直完美，超出预期。 这是第5次购买，一如既往的好！,2023-11-12
R00326,P1284,U5084,4.0,简直完美，超出预期。 这是第4次购买，一如既往的好！ 挺普通的，没什么特色，性价比不高，不值得,2023-05-30
R00327,P1177,U5502,3.0,还行，凑合用吧。 没什么好说的，就这样吧。 质量很好，物超所值，物流还算正常,2023-03-18
R00328,P1600,U5600,4.0,非常好，我很喜欢！,2023-05-02
R00329,P1408,U5621,2.0,客服很不专业，解决不了问题。,2023-04-03
R00330,P1418,U5438,5.0,性价比很高，值得拥有。,2023-09-09
R00331,P1668,U5391,4.0,质量很好，物超所值。,2023-03-23
R00332,P1367,U5512,1.0,客服很不专业，解决不了问题。 真的后悔购买，太糟了！,2023-03-27
R00333,P1935,U5213,2.0,外观普通，功能有问题。,2023-08-23
R00334,P1857,U5997,3.0,还行，凑合用吧。 暂时没发现什么问题,2023-08-25
R00335,P1474,U5024,1.0,不推荐，没什么用。 真的后悔购买，太糟了！,2023-05-28
R00336,P1982,U5638,2.0,不满意，不会再买。,2023-06-06
R00337,P1567,U5094,5.0,质量很好，物超所值。,2023-11-22
R00338,P1989,U5553,4.0,质量很好，物超所值。,2023-06-09
R00339,P1483,,2.0,一次糟糕的购物体验。 用用看再说，外观漂亮，功能齐全,2023-02-05
R00340,P1857,U5206,1.0,性价比不高，不值得。,2023-05-06
R00341,P1191,U5698,2.0,外观普通，功能有问题。 真的后悔购买，太糟了！ 简直完美，超出预期，推荐购买，效果显著,2023-09-20
R00342,P1401,U5855,3.0,用用看再说。 没什么好说的，就这样吧。 不推荐，没什么用,2023-03-17
R00343,P1032,U5010,4.0,非常好，我很喜欢！ 这是第5次购买，一如既往的好！,2023-07-24
R00344,P1860,U5646,5.0,包装精美，送货速度快。,2023-05-29
R00345,P1370,U5382,3.0,暂时没发现什么问题。 没什么好说的，就这样吧。,2023-11-24
R00346,P1678,U5109,1.0,性价比不高，不值得。 性价比很高，值得拥有,2023-02-03
R00347,P1537,U5578,2.0,差评，太差了。,2023-07-16
R00348,P1198,U5680,5.0,推荐购买，效果显著。,2023-10-06
R00349,P1112,U5689,5.0,外观漂亮，功能齐全。,2023-06-19
R00350,P1966,U5434,4.0,推荐购买，效果显著。,2023-08-31
R00351,P1251,U5317,1.0,不推荐，没什么用。 不满意，不会再买，包装精美，送货速度快,2023-04-26
R00352,P1511,U5915,5.0,性价比很高，值得拥有。 质量一般，有瑕疵，包装精美，送货速度快,2023-11-02
R00353,P1128,U5097,2.0,外观普通，功能有问题。 真的后悔购买，太糟了！,2023-03-17
R00354,P1850,U5203,4.0,非常好，我很喜欢！,2023-03-12
R00355,P1641,U5225,5.0,客服服务态度很好，耐心解答。 价格适中，没有惊喜，外观普通，功能有问题,2023-11-02
R00356,P1346,U5372,4.0,外观漂亮，功能齐全。 这是第5次购买，一如既往的好！ 有点失望，和描述不符，客服很不专业，解决不了问题,2023-10-07
R00357,P1957,U5986,4.0,性价比很高，值得拥有。 性价比很高，值得拥有,2023-10-10
R00358,P1267,U5407,1.0,客服很不专业，解决不了问题。,2023-03-21
R00359,P1244,U5796,1.0,差评，太差了。 简直完美，超出预期，简直完美，超出预期,2023-03-06
R00360,P1087,U5428,3.0,价格适中，没有惊喜。,2023-09-18
R00361,P1349,U5504,4.0,客服服务态度很好，耐心解答。 有点失望，和描述不符，推荐购买，效果显著,2023-07-21
R00362,P1479,,2.0,不满意，不会再买。,2023-01-18
R00363,P1965,U5956,3.0,价格适中，没有惊喜。 没什么好说的，就这样吧。,2023-09-15
R00364,P1358,U5277,4.0,质量很好，物超所值。 简直完美，超出预期，客服很不专业，解决不了问题,2023-11-23
R00365,P1203,U5283,3.0,一般般，不算好也不算坏。 价格适中，没有惊喜,2023-01-25
R00366,P1599,U5660,5.0,质量很好，物超所值。 这是第4次购买，一如既往的好！,2023-07-28
R00367,P1950,U5595,,不推荐，没什么用。 真的后悔购买，太糟了！,2023-08-04
R00368,P1525,U5407,3.0,价格适中，没有惊喜。 没什么好说的，就这样吧。 一次糟糕的购物体验,2023-11-20
R00369,P1307,U5928,2.0,差评，太差了。,2023-02-17
R00370,P1292,U5780,1.0,质量一般，有瑕疵。 客服服务态度很好，耐心解答,2023-02-21
R00371,P1098,U5526,1.0,有点失望，和描述不符。,2023-03-26
R00372,P1578,U5115,2.0,差评，太差了。 真的后悔购买，太糟了！,2023-03-10
R00373,P1652,U5240,3.0,暂时没发现什么问题。 不满意，不会再买,2023-11-28
R00374,P1036,U5858,1.0,不推荐，没什么用。 物流还算正常,2023-03-24
R00375,P1231,U5461,,家人都很喜欢，下次还会光顾。,2023-03-14
R00376,P1005,U5026,3.0,中规中矩，符合预期。 没什么好说的，就这样吧。,2023-03-24
R00377,P1071,U5021,5.0,包装精美，送货速度快。,2023-09-15
R00378,P1345,U5454,1.0,不满意，不会再买。,2023-10-11
R00379,P1715,U5609,3.0,还行，凑合用吧。 一般般，不算好也不算坏，还可以吧，一般般,2023-04-07
R00380,P1188,U5608,1.0,一次糟糕的购物体验。,2023-01-17
R00381,P1962,U5489,3.0,中规中矩，符合预期。,2023-08-23
R00382,P1875,U5049,3.0,价格适中，没有惊喜。 有点失望，和描述不符,2023-02-13
R00383,P1914,U5650,1.0,质量一般，有瑕疵。,2023-10-14
R00384,P1578,U5382,3.0,物流还算正常。 没什么好说的，就这样吧。,2023-05-02
R00385,P1286,U5679,1.0,性价比不高，不值得。 真的后悔购买，太糟了！,2023-06-03
R00386,P1226,U5507,3.0,还可以吧，一般般。 没什么好说的，就这样吧。 客服很不专业，解决不了问题，暂时没发现什么问题,2023-03-08
R00387,P1792,U5712,5.0,性价比很高，值得拥有。,2023-04-22
R00388,P1158,U5990,3.0,暂时没发现什么问题。 没什么好说的，就这样吧。 物流还算正常，不推荐，没什么用,2023-02-20
R00389,P1519,U5093,2.0,客服很不专业，解决不了问题。 真的后悔购买，太糟了！,2023-12-30
R00390,P1838,U5662,1.0,不满意，不会再买。 用用看再说,2023-02-21
R00391,P1360,U5909,3.0,还可以吧，一般般。,2023-10-10
R00392,P1124,U5420,5.0,性价比很高，值得拥有。 这是第2次购买，一如既往的好！,2023-10-31
R00393,P1666,U5868,3.0,中规中矩，符合预期。,2023-10-02
R00394,P1154,U5188,4.0,外观漂亮，功能齐全。,2023-08-06
R00395,P1486,U5411,5.0,简直完美，超出预期。 外观普通，功能有问题,2023-05-02
R00396,P1334,U5940,3.0,还可以吧，一般般。,2023-12-30
R00397,P1368,U5307,4.0,非常满意的一次购物，会回购的。 这是第5次购买，一如既往的好！,2023-09-22
R00398,P1540,U5693,3.0,用用看再说。 没什么好说的，就这样吧。 非常好，我很喜欢，不推荐，没什么用,2023-03-18
R00399,P1753,U5115,3.0,还行，凑合用吧。,2023-04-29
R00400,P1082,U5601,1.0,包装破损，送货慢。 真的后悔购买，太糟了！,2023-02-20
R00401,P1874,U5066,3.0,物流还算正常。 没什么好说的，就这样吧。,2023-06-09
R00402,P1507,U5749,2.0,质量一般，有瑕疵。 真的后悔购买，太糟了！,2023-06-05
R00403,P1793,U5095,5.0,客服服务态度很好，耐心解答。 中规中矩，符合预期，包装精美，送货速度快,2023-03-25
R00404,P1899,U5758,1.0,一次糟糕的购物体验。 简直完美，超出预期，还可以吧，一般般,2023-08-30
R00405,P1711,U5140,3.0,一般般，不算好也不算坏。,2023-01-13
R00406,P1791,U5550,1.0,包装破损，送货慢。,2023-11-15
R00407,P1549,U5241,2.0,差评，太差了。 真的后悔购买，太糟了！,2023-09-12
R00408,P1997,U5488,5.0,质量很好，物超所值。,2023-03-15
R00409,P1837,U5081,3.0,价格适中，没有惊喜。,2023-10-31
R00410,P1509,U5792,4.0,包装精美，送货速度快。 这是第2次购买，一如既往的好！,2023-02-17
R00411,P1302,U5452,1.0,不满意，不会再买。 真的后悔购买，太糟了！ 包装破损，送货慢,2023-11-19
R00412,P1282,U5344,1.0,一次糟糕的购物体验。 一次糟糕的购物体验，用用看再说,2023-01-22
R00413,P1711,U5672,4.0,质量很好，物超所值。 推荐购买，效果显著,2023-05-03
R00414,P1085,U5745,2.0,客服很不专业，解决不了问题。 差评，太差了，不满意，不会再买,2023-11-08
R00415,P1580,U5864,1.0,一次糟糕的购物体验。 真的后悔购买，太糟了！ 没什么特别的，不满意，不会再买,2023-05-17
R00416,P1180,U5781,1.0,不满意，不会再买。,2023-11-20
R00417,P1291,U5971,5.0,推荐购买，效果显著。 暂时没发现什么问题，质量一般，有瑕疵,2023-04-14
R00418,P1224,U5889,4.0,质量很好，物超所值。,2023-11-16
R00419,P1958,U5746,3.0,挺普通的，没什么特色。 没什么好说的，就这样吧。 有点失望，和描述不符，物流还算正常,2023-07-04
R00420,P1141,U5175,1.0,差评，太差了。 真的后悔购买，太糟了！ 还可以吧，一般般,2023-03-17
R00421,P1839,U5115,5.0,外观漂亮，功能齐全。 外观漂亮，功能齐全，非常好，我很喜欢,2023-10-07
R00422,P1922,U5521,5.0,简直完美，超出预期。,2023-10-25
R00423,P1493,U5175,4.0,客服服务态度很好，耐心解答。,2023-03-19
R00424,P1376,U5059,2.0,一次糟糕的购物体验。 外观普通，功能有问题,2023-03-06
R00425,P1547,U5732,4.0,客服服务态度很好，耐心解答。,2023-12-05
R00426,P1049,U5172,4.0,性价比很高，值得拥有。 这是第1次购买，一如既往的好！,2023-01-22
R00427,P1896,U5930,3.0,还行，凑合用吧。,2023-01-16
R00428,P1915,U5489,5.0,家人都很喜欢，下次还会光顾。,2023-09-28
R00429,P1830,U5314,1.0,包装破损，送货慢。,2023-11-18
R00430,P1449,U5681,1.0,包装破损，送货慢。,2023-02-26
R00431,P1701,U5107,5.0,性价比很高，值得拥有。 这是第2次购买，一如既往的好！,2023-02-23
R00432,P1200,U5434,4.0,包装精美，送货速度快。,2023-10-04
R00433,P1806,U5247,2.0,有点失望，和描述不符。 真的后悔购买，太糟了！,2023-04-05
R00434,P1712,U5634,1.0,一次糟糕的购物体验。 性价比很高，值得拥有,2023-08-24
R00435,P1278,U5014,2.0,性价比不高，不值得。 真的后悔购买，太糟了！,2023-03-25
R00436,P1086,U5301,3.0,中规中矩，符合预期。,2023-01-05
R00437,P1436,U5657,2.0,有点失望，和描述不符。 真的后悔购买，太糟了！,2023-03-18
R00438,P1767,U5915,4.0,客服服务态度很好，耐心解答。 这是第2次购买，一如既往的好！,2023-10-13
R00439,P1552,U5163,1.0,客服很不专业，解决不了问题。,2023-11-03
R00440,P1112,U5390,2.0,性价比不高，不值得。 性价比不高，不值得，中规中矩，符合预期,2023-01-20
R00441,P1692,U5334,2.0,外观普通，功能有问题。 真的后悔购买，太糟了！ 暂时没发现什么问题，性价比不高，不值得,2023-06-08
R00442,P1939,U5632,,有点失望，和描述不符。 不满意，不会再买,2023-11-14
R00443,P1174,,3.0,用用看再说。,2023-02-08
R00444,P1069,U5293,3.0,暂时没发现什么问题。 没什么好说的，就这样吧。,2023-08-27
R00445,P1120,U5115,2.0,外观普通，功能有问题。 用用看再说,2023-01-14
R00446,P1048,U5287,5.0,外观漂亮，功能齐全。,2023-07-28
R00447,P1373,U5846,,外观普通，功能有问题。 真的后悔购买，太糟了！ 一次糟糕的购物体验，质量一般，有瑕疵,2023-11-27
R00448,P1186,U5457,1.0,,2023-04-29
R00449,P1518,U5151,3.0,还可以吧，一般般。 没什么好说的，就这样吧。,2023-04-04
R00450,P1890,U5526,1.0,不满意，不会再买。,2023-12-06
R00451,P1805,U5711,4.0,简直完美，超出预期。 这是第3次购买，一如既往的好！,2023-02-06
R00452,P1765,U5848,4.0,外观漂亮，功能齐全。,2023-01-08
R00453,P1287,U5088,3.0,物流还算正常。 有点失望，和描述不符,2023-12-31
R00454,P1292,U5269,2.0,不推荐，没什么用。 真的后悔购买，太糟了！,2023-08-08
R00455,P1687,U5901,3.0,还行，凑合用吧。,2023-10-20
R00456,P1062,U5363,1.0,有点失望，和描述不符。,2023-07-18
R00457,P1883,U5835,1.0,一次糟糕的购物体验。,2023-11-18
R00458,P1078,U5600,5.0,性价比很高，值得拥有。 这是第5次购买，一如既往的好！ 非常满意的一次购物，会回购的,2023-11-28
R00459,P1230,U5830,1.0,一次糟糕的购物体验。,2023-11-19
R00460,P1866,U5205,1.0,外观普通，功能有问题。 真的后悔购买，太糟了！,2023-02-20
R00461,P1887,U5796,2.0,不推荐，没什么用。 真的后悔购买，太糟了！ 还行，凑合用吧，简直完美，超出预期,2023-11-16
R00462,P1235,U5527,2.0,客服很不专业，解决不了问题。,2023-04-04
R00463,P1565,U5489,3.0,暂时没发现什么问题。 质量很好，物超所值，有点失望，和描述不符,2023-04-21
R00464,P1599,U5516,3.0,没什么特别的。 包装破损，送货慢，家人都很喜欢，下次还会光顾,2023-02-27
R00465,P1452,U5351,2.0,不推荐，没什么用。 真的后悔购买，太糟了！ 客服服务态度很好，耐心解答,2023-09-29
R00466,P1871,U5965,1.0,性价比不高，不值得。 真的后悔购买，太糟了！,2023-07-16
R00467,P1350,U5122,4.0,客服服务态度很好，耐心解答。 一次糟糕的购物体验,2023-11-16
R00468,P1455,U5581,5.0,简直完美，超出预期。 这是第4次购买，一如既往的好！,2023-06-27
R00469,P1335,U5142,2.0,不推荐，没什么用。 挺普通的，没什么特色，差评，太差了,2023-06-13
R00470,P1535,U5566,5.0,性价比很高，值得拥有。,2023-09-21
R00471,P1545,U5979,1.0,不推荐，没什么用。 性价比很高，值得拥有，一般般，不算好也不算坏,2023-06-13
R00472,P1010,U5299,4.0,包装精美，送货速度快。 这是第3次购买，一如既往的好！ 外观漂亮，功能齐全，用用看再说,2023-10-31
R00473,P1686,U5162,5.0,质量很好，物超所值。 这是第3次购买，一如既往的好！,2023-09-27
R00474,P1405,U5080,5.0,客服服务态度很好，耐心解答。,2023-05-27
R00475,P1762,U5513,3.0,挺普通的，没什么特色。 推荐购买，效果显著，非常好，我很喜欢,2023-01-29
R00476,P1514,U5547,1.0,差评，太差了。 简直完美，超出预期,2023-05-26
R00477,P1108,U5403,5.0,推荐购买，效果显著。 包装破损，送货慢，一次糟糕的购物体验,2023-03-22
R00478,P1478,U5279,4.0,性价比很高，值得拥有。 这是第3次购买，一如既往的好！,2023-01-24
R00479,P1455,U5973,2.0,质量一般，有瑕疵。 非常满意的一次购物，会回购的，还可以吧，一般般,2023-10-25
R00480,P1556,U5913,5.0,外观漂亮，功能齐全。,2023-06-11
R00481,P1768,U5879,5.0,性价比很高，值得拥有。,2023-08-16
R00482,P1629,U5778,1.0,有点失望，和描述不符。,2023-03-13
R00483,P1236,U5635,1.0,性价比不高，不值得。,2023-04-19
R00484,P1083,U5949,2.0,,2023-06-08
R00485,P1295,U5933,4.0,家人都很喜欢，下次还会光顾。,2023-12-06
R00486,P1069,U5525,2.0,性价比不高，不值得。 真的后悔购买，太糟了！,2023-01-24
R00487,P1098,U5347,3.0,   ,2023-12-10
R00488,P1024,U5796,2.0,一次糟糕的购物体验。,2023-06-02
R00489,P1548,U5603,4.0,推荐购买，效果显著。 这是第5次购买，一如既往的好！,2023-06-28
R00490,P1738,U5389,2.0,一次糟糕的购物体验。 真的后悔购买，太糟了！,2023-11-06
R00491,P1826,U5687,1.0,外观普通，功能有问题。 真的后悔购买，太糟了！,2023-04-11
R00492,P1646,U5683,1.0,,2023-03-22
R00493,P1623,U5887,5.0,简直完美，超出预期。 包装精美，送货速度快，还可以吧，一般般,2023-04-18
R00494,P1797,U5320,3.0,价格适中，没有惊喜。 推荐购买，效果显著，质量很好，物超所值,2023-10-24
R00495,P1035,U5090,1.0,一次糟糕的购物体验。,2023-07-02
R00496,P1596,U5261,2.0,性价比不高，不值得。,2023-06-09
R00497,P1415,U5860,4.0,非常满意的一次购物，会回购的。,2023-07-17
R00498,P1728,U5766,3.0,还行，凑合用吧。,2023-08-14
R00499,P1063,U5583,1.0,不满意，不会再买。 挺普通的，没什么特色,2023-12-30
R00500,P1732,U5910,4.0,简直完美，超出预期。 这是第4次购买，一如既往的好！,2023-01-30
R00501,P1053,U5954,4.0,性价比很高，值得拥有。,2023-12-26
R00502,P1280,U5537,5.0,质量很好，物超所值。 外观普通，功能有问题,2023-05-14
R00503,P1169,U5372,5.0,,2023-05-04
R00504,P1610,U5079,3.0,中规中矩，符合预期。 客服很不专业，解决不了问题，包装破损，送货慢,2023-08-21
R00505,P1957,U5250,4.0,家人都很喜欢，下次还会光顾。 这是第4次购买，一如既往的好！,2023-04-02
R00506,P1942,U5462,3.0,一般般，不算好也不算坏。 还行，凑合用吧，推荐购买，效果显著,2023-02-12
R00507,P1227,U5017,3.0,暂时没发现什么问题。 差评，太差了,2023-01-31
R00508,P1770,U5475,5.0,非常好，我很喜欢！ 这是第1次购买，一如既往的好！ 非常好，我很喜欢,2023-02-03
R00509,P1062,U5844,2.0,不推荐，没什么用。 真的后悔购买，太糟了！,2023-08-07
R00510,P1544,U6000,1.0,不推荐，没什么用。 真的后悔购买，太糟了！,2023-10-17
R00511,P1687,U5629,1.0,不推荐，没什么用。 真的后悔购买，太糟了！,2023-06-17
R00512,P1802,U5082,3.0,价格适中，没有惊喜。 暂时没发现什么问题，一般般，不算好也不算坏,2023-04-08
R00513,P1200,U5043,5.0,推荐购买，效果显著。 这是第4次购买，一如既往的好！ 质量一般，有瑕疵，一般般，不算好也不算坏,2023-12-21
R00514,P1545,U5129,3.0,暂时没发现什么问题。 包装精美，送货速度快,2023-10-17
R00515,P1578,U5395,1.0,不推荐，没什么用。 还行，凑合用吧，外观普通，功能有问题,2023-12-19
R00516,P1233,U5742,2.0,包装破损，送货慢。,2023-05-08
R00517,P1290,U5797,3.0,中规中矩，符合预期。,2023-01-14
R00518,P1520,U5026,4.0,客服服务态度很好，耐心解答。 这是第4次购买，一如既往的好！ 挺普通的，没什么特色，包装破损，送货慢,2023-03-15
R00519,P1957,U5669,2.0,差评，太差了。,2023-07-07
R00520,P1079,U5976,2.0,不满意，不会再买。 性价比不高，不值得，客服很不专业，解决不了问题,2023-08-04
R00521,P1950,U5609,3.0,中规中矩，符合预期。 没什么好说的，就这样吧。,2023-02-04
R00522,P1234,U5545,2.0,不满意，不会再买。 真的后悔购买，太糟了！,2023-07-06
R00523,P1851,U5198,4.0,非常好，我很喜欢！ 这是第3次购买，一如既往的好！ 性价比很高，值得拥有,2023-05-31
R00524,P1983,U5124,1.0,不推荐，没什么用。 中规中矩，符合预期,2023-06-11
R00525,P1965,U5513,1.0,质量一般，有瑕疵。,2023-09-27
R00526,P1019,U5772,1.0,一次糟糕的购物体验。 真的后悔购买，太糟了！,2023-03-09
R00527,P1350,U5420,4.0,客服服务态度很好，耐心解答。 这是第2次购买，一如既往的好！ 差评，太差了,2023-12-10
R00528,P1891,U5403,2.0,客服很不专业，解决不了问题。 还可以吧，一般般，物流还算正常,2023-12-02
R00529,P1607,U5784,2.0,客服很不专业，解决不了问题。 真的后悔购买，太糟了！,2023-09-12
R00530,P1701,U5199,5.0,性价比很高，值得拥有。 这是第1次购买，一如既往的好！,2023-12-03
R00531,P1065,U5799,3.0,一般般，不算好也不算坏。 价格适中，没有惊喜，简直完美，超出预期,2023-07-27
R00532,P1612,U5289,2.0,性价比不高，不值得。 真的后悔购买，太糟了！ 质量一般，有瑕疵，暂时没发现什么问题,2023-07-29
R00533,P1938,U5010,3.0,中规中矩，符合预期。 没什么好说的，就这样吧。,2023-01-18
R00534,P1679,U5545,4.0,外观漂亮，功能齐全。 这是第2次购买，一如既往的好！ 暂时没发现什么问题,2023-05-18
R00535,P1083,U5610,1.0,不推荐，没什么用。 真的后悔购买，太糟了！ 性价比很高，值得拥有,2023-07-13
R00536,P1228,U5452,5.0,非常满意的一次购物，会回购的。 这是第3次购买，一如既往的好！ 性价比不高，不值得,2023-10-20
R00537,P1537,U5318,5.0,包装精美，送货速度快。,2023-09-05
R00538,P1795,U5445,1.0,,2023-08-20
R00539,P1446,U5566,3.0,暂时没发现什么问题。,2023-11-06
R00540,P1493,U5072,1.0,一次糟糕的购物体验。 一般般，不算好也不算坏,2023-01-31
R00541,P1270,U5653,2.0,包装破损，送货慢。 真的后悔购买，太糟了！,2023-11-19
R00542,P1156,U5402,3.0,价格适中，没有惊喜。 没什么好说的，就这样吧。 挺普通的，没什么特色，差评，太差了,2023-11-22
R00543,P1152,U5985,5.0,客服服务态度很好，耐心解答。 这是第4次购买，一如既往的好！,2023-02-04
R00544,P1283,U5809,1.0,客服很不专业，解决不了问题。 外观漂亮，功能齐全,2023-05-25
R00545,P1384,U5739,4.0,非常满意的一次购物，会回购的。 这是第2次购买，一如既往的好！ 暂时没发现什么问题，用用看再说,2023-10-07
R00546,P1795,U5089,2.0,性价比不高，不值得。,2023-01-13
R00547,P1864,U5924,2.0,,2023-02-27
R00548,P1743,U5037,4.0,性价比很高，值得拥有。 这是第3次购买，一如既往的好！ 外观漂亮，功能齐全，包装精美，送货速度快,2023-09-04
R00549,P1055,U5103,3.0,中规中矩，符合预期。 没什么好说的，就这样吧。 质量一般，有瑕疵,2023-05-28
R00550,P1620,U5233,2.0,外观普通，功能有问题。,2023-04-12
R00551,P1980,U5448,3.0,中规中矩，符合预期。 没什么好说的，就这样吧。,2023-05-19
R00552,P1433,U5008,3.0,物流还算正常。 没什么好说的，就这样吧。,2023-04-21
R00553,P1774,U5592,5.0,质量很好，物超所值。,2023-11-11
R00554,P1256,U5825,1.0,客服很不专业，解决不了问题。 真的后悔购买，太糟了！ 挺普通的，没什么特色,2023-04-09
R00555,P1567,U5037,2.0,一次糟糕的购物体验。 真的后悔购买，太糟了！ 性价比不高，不值得,2023-09-06
R00556,P1549,U5831,4.0,性价比很高，值得拥有。,2023-09-19
R00557,P1714,U5732,5.0,,2023-04-28
R00558,P1337,U5792,,质量一般，有瑕疵。,2023-09-13
R00559,P1064,U5928,2.0,,2023-03-24
R00560,P1226,U5587,1.0,有点失望，和描述不符。 性价比很高，值得拥有，还可以吧，一般般,2023-09-27
R00561,P1276,U5929,1.0,客服很不专业，解决不了问题。,2023-03-12
R00562,P1202,U5315,2.0,质量一般，有瑕疵。 真的后悔购买，太糟了！,2023-03-26
R00563,P1445,U5177,4.0,客服服务态度很好，耐心解答。,2023-09-26
R00564,P1996,U5259,4.0,非常满意的一次购物，会回购的。 这是第3次购买，一如既往的好！,2023-11-18
R00565,P1127,U5578,2.0,有点失望，和描述不符。 真的后悔购买，太糟了！,2023-01-31
R00566,P1334,U5628,5.0,外观漂亮，功能齐全。,2023-12-27
R00567,P1164,U5804,1.0,外观普通，功能有问题。 真的后悔购买，太糟了！ 质量很好，物超所值,2023-08-27
R00568,P1959,U5417,2.0,有点失望，和描述不符。 真的后悔购买，太糟了！,2023-12-09
R00569,P1090,U5872,2.0,质量一般，有瑕疵。 客服服务态度很好，耐心解答,2023-06-30
R00570,P1015,U5652,5.0,客服服务态度很好，耐心解答。 挺普通的，没什么特色，中规中矩，符合预期,2023-09-28
R00571,P1889,U5135,3.0,挺普通的，没什么特色。,2023-03-31
R00572,P1046,U5479,1.0,包装破损，送货慢。 真的后悔购买，太糟了！ 包装精美，送货速度快,2023-01-27
R00573,P1956,U5890,,包装破损，送货慢。 真的后悔购买，太糟了！ 中规中矩，符合预期，暂时没发现什么问题,2023-04-17
R00574,P1049,U5423,4.0,家人都很喜欢，下次还会光顾。,2023-07-31
R00575,P1115,U5132,4.0,外观漂亮，功能齐全。 非常好，我很喜欢，性价比很高，值得拥有,2023-12-28
R00576,P1510,U5995,4.0,   ,2023-06-07
R00577,P1993,U5344,,用用看再说。 客服很不专业，解决不了问题，外观漂亮，功能齐全,2023-09-14
R00578,P1954,U5718,5.0,非常好，我很喜欢！,2023-10-10
R00579,P1176,U5092,2.0,不推荐，没什么用。 真的后悔购买，太糟了！,2023-09-27
R00580,P1209,U5180,3.0,暂时没发现什么问题。 没什么特别的,2023-03-23
R00581,P1258,U5842,1.0,,2023-11-18
R00582,P1443,U5783,3.0,中规中矩，符合预期。 没什么好说的，就这样吧。,2023-07-05
R00583,P1605,U5457,2.0,包装破损，送货慢。 价格适中，没有惊喜,2023-09-06
R00584,P1578,U5291,3.0,暂时没发现什么问题。 客服服务态度很好，耐心解答,2023-10-10
R00585,P1921,U5348,5.0,非常满意的一次购物，会回购的。,2023-04-16
R00586,P1230,U5109,5.0,家人都很喜欢，下次还会光顾。 这是第3次购买，一如既往的好！,2023-06-06
R00587,P1706,U5417,,挺普通的，没什么特色。 没什么好说的，就这样吧。 暂时没发现什么问题,2023-04-29
R00588,P1344,U5109,4.0,外观漂亮，功能齐全。,2023-09-20
R00589,P1741,U5334,4.0,简直完美，超出预期。 这是第3次购买，一如既往的好！ 不满意，不会再买，有点失望，和描述不符,2023-01-18
R00590,P1349,U5097,1.0,质量一般，有瑕疵。 非常满意的一次购物，会回购的，还行，凑合用吧,2023-04-20
R00591,P1185,U5323,5.0,性价比很高，值得拥有。 这是第3次购买，一如既往的好！ 包装破损，送货慢,2023-07-29
R00592,P1281,U5805,4.0,非常满意的一次购物，会回购的。 质量一般，有瑕疵，还可以吧，一般般,2023-11-19
R00593,P1708,U5997,1.0,有点失望，和描述不符。 真的后悔购买，太糟了！ 非常满意的一次购物，会回购的,2023-08-03
R00594,P1009,U5457,4.0,简直完美，超出预期。 不满意，不会再买，外观普通，功能有问题,2023-04-10
R00595,P1318,U5325,2.0,不满意，不会再买。 性价比不高，不值得，外观漂亮，功能齐全,2023-10-11
R00596,P1967,U5095,4.0,简直完美，超出预期。 客服服务态度很好，耐心解答，物流还算正常,2023-01-21
R00597,P1903,U5700,1.0,外观普通，功能有问题。,2023-06-30
R00598,P1186,U5063,5.0,外观漂亮，功能齐全。 这是第4次购买，一如既往的好！,2023-05-19
R00599,P1075,U5209,5.0,简直完美，超出预期。 这是第3次购买，一如既往的好！ 一次糟糕的购物体验，一般般，不算好也不算坏,2023-10-09
R00600,P1207,U5012,1.0,性价比不高，不值得。,2023-08-11
R00601,P1241,U5013,3.0,价格适中，没有惊喜。 一般般，不算好也不算坏,2023-06-25
R00602,P1158,U5904,4.0,家人都很喜欢，下次还会光顾。,2023-02-06
R00603,P1080,U5494,1.0,不推荐，没什么用。 性价比不高，不值得,2023-02-08
R00604,P1930,U5689,4.0,   ,2023-09-27
R00605,P1063,U5244,2.0,客服很不专业，解决不了问题。 挺普通的，没什么特色，质量很好，物超所值,2023-11-20
R00606,P1798,U5281,5.0,,2023-09-05
R00607,P1673,U5143,2.0,客服很不专业，解决不了问题。 包装精美，送货速度快，还行，凑合用吧,2023-01-01
R00608,P1624,U5489,4.0,客服服务态度很好，耐心解答。 这是第4次购买，一如既往的好！,2023-02-17
R00609,P1348,U5353,2.0,不推荐，没什么用。 中规中矩，符合预期,2023-05-02
R00610,P1770,U5391,5.0,质量很好，物超所值。,2023-08-03
R00611,P1577,U5348,4.0,   ,2023-01-21
R00612,P1496,U5930,4.0,简直完美，超出预期。,2023-12-07
R00613,P1410,U5145,,质量一般，有瑕疵。,2023-12-22
R00614,P1225,U5849,3.0,中规中矩，符合预期。,2023-07-27
R00615,P1183,U5923,1.0,性价比不高，不值得。 有点失望，和描述不符,2023-12-21
R00616,P1701,U5145,2.0,有点失望，和描述不符。,2023-07-11
R00617,P1013,U5648,4.0,家人都很喜欢，下次还会光顾。,2023-02-03
R00618,P1335,U5192,1.0,外观普通，功能有问题。 推荐购买，效果显著，外观漂亮，功能齐全,2023-02-10
R00619,P1583,U5319,4.0,非常满意的一次购物，会回购的。 这是第5次购买，一如既往的好！ 客服服务态度很好，耐心解答,2023-04-20
R00620,P1992,U5229,2.0,有点失望，和描述不符。 真的后悔购买，太糟了！,2023-11-24
R00621,P1143,U5761,4.0,外观漂亮，功能齐全。 质量很好，物超所值,2023-12-29
R00622,P1605,U5007,1.0,不满意，不会再买。 还行，凑合用吧,2023-06-14
R00623,P1879,U5162,2.0,质量一般，有瑕疵。 真的后悔购买，太糟了！ 客服服务态度很好，耐心解答,2023-11-05
R00624,P1782,U5379,3.0,还行，凑合用吧。 没什么好说的，就这样吧。 非常好，我很喜欢,2023-01-16
R00625,P1116,U5414,4.0,非常好，我很喜欢！,2023-05-09
R00626,P1353,U5639,2.0,有点失望，和描述不符。,2023-08-15
R00627,P1374,U5700,1.0,不满意，不会再买。 客服很不专业，解决不了问题,2023-12-03
R00628,P1074,U5783,4.0,非常好，我很喜欢！,2023-02-27
R00629,P1839,U5832,1.0,客服很不专业，解决不了问题。 家人都很喜欢，下次还会光顾,2023-05-19
R00630,P1105,U5261,5.0,客服服务态度很好，耐心解答。 这是第4次购买，一如既往的好！ 暂时没发现什么问题，推荐购买，效果显著,2023-02-15
R00631,P1844,U5641,,外观漂亮，功能齐全。,2023-09-05
R00632,P1170,U5933,1.0,不满意，不会再买。 真的后悔购买，太糟了！ 不满意，不会再买，物流还算正常,2023-01-28
R00633,P1577,U5718,3.0,没什么特别的。 一般般，不算好也不算坏,2023-07-22
R00634,P1357,U5088,5.0,非常满意的一次购物，会回购的。,2023-02-21
R00635,P1667,U5295,4.0,非常好，我很喜欢！ 这是第4次购买，一如既往的好！ 外观漂亮，功能齐全，一般般，不算好也不算坏,2023-12-21
R00636,P1143,U5097,4.0,简直完美，超出预期。 差评，太差了，推荐购买，效果显著,2023-12-29
R00637,P1491,U5869,3.0,没什么特别的。 中规中矩，符合预期,2023-04-16
R00638,P1462,U5216,2.0,不满意，不会再买。 包装精美，送货速度快，非常好，我很喜欢,2023-11-23
R00639,P1160,U5683,2.0,客服很不专业，解决不了问题。 真的后悔购买，太糟了！,2023-07-12
R00640,P1873,U5753,1.0,质量一般，有瑕疵。,2023-03-16
R00641,P1110,U5275,2.0,一次糟糕的购物体验。,2023-01-08
R00642,P1234,U5758,3.0,中规中矩，符合预期。,2023-04-29
R00643,P1002,U5578,4.0,家人都很喜欢，下次还会光顾。 这是第5次购买，一如既往的好！,2023-09-16
R00644,P1613,U5271,5.0,外观漂亮，功能齐全。 这是第1次购买，一如既往的好！ 外观漂亮，功能齐全，外观漂亮，功能齐全,2023-12-30
R00645,P1136,U5795,4.0,家人都很喜欢，下次还会光顾。 有点失望，和描述不符，用用看再说,2023-06-02
R00646,P1567,U5905,2.0,包装破损，送货慢。 没什么特别的,2023-03-04
R00647,P1031,U5985,5.0,非常满意的一次购物，会回购的。 价格适中，没有惊喜,2023-12-13
R00648,P1309,U5851,4.0,简直完美，超出预期。 这是第4次购买，一如既往的好！,2023-06-01
R00649,P1688,U5826,2.0,包装破损，送货慢。,2023-05-03
R00650,P1590,U5800,5.0,简直完美，超出预期。,2023-10-20
R00651,P1620,U5502,1.0,差评，太差了。 客服很不专业，解决不了问题，非常满意的一次购物，会回购的,2023-03-18
R00652,P1588,U5746,5.0,,2023-02-17
R00653,P1317,U5107,5.0,性价比很高，值得拥有。,2023-02-02
R00654,P1801,U5217,,有点失望，和描述不符。,2023-04-17
R00655,P1319,U5523,2.0,有点失望，和描述不符。 包装精美，送货速度快，还可以吧，一般般,2023-11-14
R00656,P1388,U5234,2.0,包装破损，送货慢。 真的后悔购买，太糟了！,2023-09-12
R00657,P1352,U5215,1.0,一次糟糕的购物体验。 真的后悔购买，太糟了！,2023-09-02
R00658,P1090,U5151,5.0,推荐购买，效果显著。 不推荐，没什么用,2023-09-06
R00659,P1421,U5063,5.0,非常好，我很喜欢！,2023-08-16
R00660,P1625,U5691,1.0,质量一般，有瑕疵。 没什么特别的,2023-11-17
R00661,P1426,U5663,3.0,物流还算正常。,2023-02-25
R00662,P1043,U5495,3.0,价格适中，没有惊喜。,2023-08-27
R00663,P1529,U5294,3.0,一般般，不算好也不算坏。,2023-04-26
R00664,P1018,U5997,3.0,还可以吧，一般般。 没什么好说的，就这样吧。,2023-01-20
R00665,P1259,U5191,5.0,包装精美，送货速度快。,2023-08-26
R00666,P1620,U5496,3.0,价格适中，没有惊喜。 客服很不专业，解决不了问题，非常满意的一次购物，会回购的,2023-04-02
R00667,P1392,U5965,1.0,质量一般，有瑕疵。 真的后悔购买，太糟了！,2023-01-13
R00668,P1928,U5179,1.0,不推荐，没什么用。,2023-03-15
R00669,P1301,U5908,5.0,非常好，我很喜欢！ 这是第5次购买，一如既往的好！,2023-01-15
R00670,P1811,U5875,5.0,质量很好，物超所值。 这是第2次购买，一如既往的好！ 外观普通，功能有问题,2023-05-07
R00671,P1334,U5063,,推荐购买，效果显著。 这是第3次购买，一如既往的好！ 性价比不高，不值得,2023-07-02
R00672,P1518,U5359,1.0,有点失望，和描述不符。 真的后悔购买，太糟了！,2023-08-24
R00673,P1472,U5715,2.0,包装破损，送货慢。 真的后悔购买，太糟了！,2023-11-11
R00674,P1791,U5980,,一次糟糕的购物体验。,2023-05-15
R00675,P1391,U5188,,非常好，我很喜欢！,2023-09-03
R00676,P1718,U5624,3.0,价格适中，没有惊喜。,2023-11-20
R00677,P1330,U5040,4.0,包装精美，送货速度快。 这是第5次购买，一如既往的好！ 不推荐，没什么用,2023-05-07
R00678,P1883,U5985,4.0,推荐购买，效果显著。,2023-03-06
R00679,P1540,U5874,1.0,不满意，不会再买。,2023-10-20
R00680,P1413,U5796,1.0,一次糟糕的购物体验。 性价比不高，不值得，不推荐，没什么用,2023-08-22
R00681,P1503,U5621,5.0,性价比很高，值得拥有。 客服很不专业，解决不了问题,2023-12-21
R00682,P1323,U5285,4.0,包装精美，送货速度快。 这是第5次购买，一如既往的好！ 价格适中，没有惊喜，暂时没发现什么问题,2023-09-26
R00683,P1925,U5242,4.0,非常好，我很喜欢！ 这是第4次购买，一如既往的好！,2023-06-12
R00684,P1617,U5664,5.0,推荐购买，效果显著。 非常满意的一次购物，会回购的,2023-02-08
R00685,P1371,,2.0,差评，太差了。 真的后悔购买，太糟了！,2023-07-30
R00686,P1866,U5406,4.0,客服服务态度很好，耐心解答。 不满意，不会再买,2023-08-09
R00687,P1765,U5664,1.0,一次糟糕的购物体验。 真的后悔购买，太糟了！,2023-09-13
R00688,P1105,U5987,1.0,质量一般，有瑕疵。,2023-06-30
R00689,P1327,U5395,4.0,家人都很喜欢，下次还会光顾。,2023-11-14
R00690,P1252,U5390,1.0,有点失望，和描述不符。 真的后悔购买，太糟了！,2023-06-10
R00691,P1862,U5407,2.0,差评，太差了。 真的后悔购买，太糟了！,2023-03-19
R00692,P1265,U5363,5.0,推荐购买，效果显著。,2023-12-13
R00693,P1363,U5999,,外观漂亮，功能齐全。 客服很不专业，解决不了问题,2023-05-23
R00694,P1081,U5060,1.0,不满意，不会再买。,2023-07-26
R00695,P1027,U5468,3.0,用用看再说。,2023-04-24
R00696,P1112,U5883,4.0,客服服务态度很好，耐心解答。 这是第4次购买，一如既往的好！,2023-07-19
R00697,P1081,U5752,2.0,客服很不专业，解决不了问题。 真的后悔购买，太糟了！,2023-06-08
R00698,P1044,U5510,3.0,没什么特别的。 不满意，不会再买，家人都很喜欢，下次还会光顾,2023-02-07
R00699,P1682,U5911,5.0,包装精美，送货速度快。 这是第3次购买，一如既往的好！,2023-12-18
R00700,P1777,U5014,4.0,客服服务态度很好，耐心解答。 简直完美，超出预期,2023-05-22
R00701,P1600,U5733,1.0,不满意，不会再买。,2023-10-23
R00702,P1907,,2.0,差评，太差了。 真的后悔购买，太糟了！,2023-08-13
R00703,P1750,U5711,5.0,外观漂亮，功能齐全。 这是第2次购买，一如既往的好！ 推荐购买，效果显著,2023-11-27
R00704,P1973,U5254,3.0,还可以吧，一般般。,2023-05-21
R00705,P1380,U5465,2.0,不推荐，没什么用。 真的后悔购买，太糟了！,2023-12-02
R00706,P1864,U5374,4.0,外观漂亮，功能齐全。 这是第2次购买，一如既往的好！,2023-10-19
R00707,P1636,U5659,4.0,,2023-02-27
R00708,P1174,U5652,3.0,暂时没发现什么问题。 非常满意的一次购物，会回购的,2023-11-04
R00709,P1734,U5592,5.0,非常好，我很喜欢！ 一般般，不算好也不算坏，性价比很高，值得拥有,2023-06-07
R00710,P1281,U5207,2.0,质量一般，有瑕疵。 真的后悔购买，太糟了！,2023-03-18
R00711,P1417,U5646,5.0,简直完美，超出预期。,2023-01-23
R00712,P1394,U5381,1.0,质量一般，有瑕疵。 真的后悔购买，太糟了！,2023-11-07
R00713,P1736,U5217,4.0,简直完美，超出预期。 非常好，我很喜欢,2023-06-16
R00714,P1621,U5993,1.0,外观普通，功能有问题。 真的后悔购买，太糟了！ 不满意，不会再买,2023-06-10
R00715,P1935,U5492,3.0,中规中矩，符合预期。 暂时没发现什么问题，外观普通，功能有问题,2023-02-20
R00716,P1820,U5090,4.0,非常满意的一次购物，会回购的。,2023-08-20
R00717,P1750,U5425,3.0,暂时没发现什么问题。 没什么好说的，就这样吧。,2023-12-27
R00718,P1159,U5729,,外观普通，功能有问题。 包装精美，送货速度快,2023-05-11
R00719,P1272,U5577,2.0,不推荐，没什么用。 没什么特别的,2023-10-26
R00720,P1415,U5570,1.0,有点失望，和描述不符。 真的后悔购买，太糟了！,2023-07-27
R00721,P1385,U5230,2.0,不满意，不会再买。 真的后悔购买，太糟了！,2023-05-11
R00722,P1621,U5662,2.0,外观普通，功能有问题。 客服服务态度很好，耐心解答，客服服务态度很好，耐心解答,2023-10-25
R00723,P1294,U5142,3.0,还行，凑合用吧。 还行，凑合用吧,2023-11-05
R00724,P1287,U5767,4.0,包装精美，送货速度快。,2023-01-26
R00725,P1455,U5491,2.0,有点失望，和描述不符。 真的后悔购买，太糟了！,2023-09-09
R00726,P1261,U5285,4.0,简直完美，超出预期。 外观普通，功能有问题,2023-10-07
R00727,P1113,U5719,2.0,质量一般，有瑕疵。,2023-05-22
R00728,P1648,U5506,1.0,有点失望，和描述不符。,2023-01-27
R00729,P1472,U5432,4.0,非常好，我很喜欢！,2023-08-23
R00730,P1213,,,推荐购买，效果显著。,2023-12-29
R00731,P1294,U5838,3.0,中规中矩，符合预期。,2023-01-25
R00732,P1830,U5360,2.0,有点失望，和描述不符。,2023-06-23
R00733,P1103,U5076,1.0,客服很不专业，解决不了问题。 真的后悔购买，太糟了！,2023-09-28
R00734,P1607,U5432,3.0,物流还算正常。,2023-09-28
R00735,P1861,U5862,4.0,外观漂亮，功能齐全。 性价比很高，值得拥有,2023-01-09
R00736,P1138,U5887,1.0,有点失望，和描述不符。,2023-05-06
R00737,P1005,U5969,5.0,客服服务态度很好，耐心解答。 这是第3次购买，一如既往的好！,2023-11-12
R00738,P1190,U5876,4.0,推荐购买，效果显著。,2023-08-09
R00739,P1793,U5665,5.0,非常满意的一次购物，会回购的。,2023-01-30
R00740,P1139,U5407,4.0,非常好，我很喜欢！,2023-02-28
R00741,P1178,U5277,5.0,客服服务态度很好，耐心解答。 这是第5次购买，一如既往的好！ 简直完美，超出预期，非常满意的一次购物，会回购的,2023-06-29
R00742,P1251,U5319,2.0,质量一般，有瑕疵。 物流还算正常,2023-02-21
R00743,P1005,U5634,1.0,不推荐，没什么用。 包装破损，送货慢,2023-08-19
R00744,P1653,U5655,3.0,还行，凑合用吧。 没什么好说的，就这样吧。 用用看再说,2023-03-31
R00745,P1448,U5147,5.0,外观漂亮，功能齐全。,2023-02-20
R00746,P1486,U5597,3.0,中规中矩，符合预期。 没什么好说的，就这样吧。,2023-10-30
R00747,P1514,U5170,2.0,包装破损，送货慢。 一次糟糕的购物体验，还可以吧，一般般,2023-10-15
R00748,P1003,U5155,1.0,客服很不专业，解决不了问题。 真的后悔购买，太糟了！ 一般般，不算好也不算坏，不满意，不会再买,2023-11-17
R00749,P1141,U5151,1.0,不推荐，没什么用。,2023-09-05
R00750,P1995,U5380,5.0,客服服务态度很好，耐心解答。 差评，太差了，简直完美，超出预期,2023-05-13
R00751,P1468,U5176,2.0,不推荐，没什么用。,2023-05-18
R00752,P1950,U5016,3.0,挺普通的，没什么特色。 没什么好说的，就这样吧。 还行，凑合用吧,2023-06-08
R00753,P1291,U5039,5.0,非常好，我很喜欢！ 这是第1次购买，一如既往的好！ 暂时没发现什么问题，暂时没发现什么问题,2023-01-06
R00754,P1944,U5631,4.0,推荐购买，效果显著。,2023-08-15
R00755,P1304,U5764,3.0,暂时没发现什么问题。,2023-01-23
R00756,P1744,U5075,5.0,性价比很高，值得拥有。 非常好，我很喜欢，一般般，不算好也不算坏,2023-09-04
R00757,P1093,U5889,5.0,客服服务态度很好，耐心解答。 这是第5次购买，一如既往的好！ 外观漂亮，功能齐全，还行，凑合用吧,2023-06-25
R00758,P1203,U5095,4.0,非常满意的一次购物，会回购的。 这是第1次购买，一如既往的好！,2023-07-05
R00759,P1360,U5261,5.0,性价比很高，值得拥有。 客服很不专业，解决不了问题，还可以吧，一般般,2023-07-23
R00760,P1104,U5166,3.0,物流还算正常。,2023-01-22
R00761,P1568,U5707,1.0,   ,2023-01-17
R00762,P1808,U5632,2.0,客服很不专业，解决不了问题。,2023-11-09
R00763,P1258,U5866,4.0,包装精美，送货速度快。 简直完美，超出预期,2023-08-14
R00764,P1426,U5089,,一次糟糕的购物体验。 真的后悔购买，太糟了！,2023-08-19
R00765,P1976,U5365,1.0,不推荐，没什么用。,2023-06-16
R00766,P1320,U5266,4.0,质量很好，物超所值。,2023-07-17
R00767,P1519,U5139,3.0,中规中矩，符合预期。 暂时没发现什么问题，客服服务态度很好，耐心解答,2023-09-30
R00768,P1834,U5936,2.0,性价比不高，不值得。 真的后悔购买，太糟了！,2023-07-24
R00769,P1737,U5004,3.0,一般般，不算好也不算坏。,2023-03-01
R00770,P1172,U5363,1.0,性价比不高，不值得。 真的后悔购买，太糟了！ 性价比很高，值得拥有,2023-10-03
R00771,P1913,U5073,2.0,外观普通，功能有问题。,2023-12-24
R00772,P1581,U5815,5.0,包装精美，送货速度快。 质量很好，物超所值，质量一般，有瑕疵,2023-10-07
R00773,P1375,U5534,2.0,质量一般，有瑕疵。,2023-06-06
R00774,P1349,U5519,1.0,有点失望，和描述不符。,2023-07-24
R00775,P1524,U5713,5.0,简直完美，超出预期。,2023-05-13
R00776,P1602,U5642,2.0,,2023-06-19
R00777,P1731,U5592,3.0,中规中矩，符合预期。 没什么好说的，就这样吧。,2023-05-27
R00778,P1608,U5675,4.0,性价比很高，值得拥有。 这是第1次购买，一如既往的好！,2023-05-26
R00779,P1890,U5505,1.0,客服很不专业，解决不了问题。 真的后悔购买，太糟了！ 一次糟糕的购物体验，不推荐，没什么用,2023-05-24
R00780,P1913,U5524,1.0,包装破损，送货慢。,2023-10-14
R00781,P1172,U5896,5.0,非常好，我很喜欢！ 这是第3次购买，一如既往的好！ 推荐购买，效果显著,2023-06-23
R00782,P1310,,4.0,推荐购买，效果显著。 还行，凑合用吧,2023-12-02
R00783,P1293,U5439,3.0,挺普通的，没什么特色。 没什么好说的，就这样吧。 质量一般，有瑕疵，质量很好，物超所值,2023-07-15
R00784,P1121,U5716,2.0,外观普通，功能有问题。 真的后悔购买，太糟了！ 包装精美，送货速度快,2023-04-23
R00785,P1491,U5423,4.0,非常满意的一次购物，会回购的。 这是第2次购买，一如既往的好！,2023-06-02
R00786,P1142,U5998,4.0,性价比很高，值得拥有。 这是第2次购买，一如既往的好！,2023-02-27
R00787,P1477,U5816,2.0,质量一般，有瑕疵。,2023-03-18
R00788,P1389,U5110,2.0,一次糟糕的购物体验。 真的后悔购买，太糟了！ 客服很不专业，解决不了问题，推荐购买，效果显著,2023-04-29
R00789,P1758,U5290,2.0,一次糟糕的购物体验。 简直完美，超出预期,2023-04-20
R00790,P1795,U5562,1.0,质量一般，有瑕疵。 一次糟糕的购物体验，非常满意的一次购物，会回购的,2023-12-07
R00791,P1048,U5109,4.0,家人都很喜欢，下次还会光顾。,2023-08-07
R00792,P1804,U5319,2.0,客服很不专业，解决不了问题。 真的后悔购买，太糟了！ 价格适中，没有惊喜,2023-04-05
R00793,P1443,U5487,5.0,推荐购买，效果显著。 这是第2次购买，一如既往的好！ 差评，太差了,2023-01-02
R00794,P1388,U5110,1.0,外观普通，功能有问题。,2023-06-06
R00795,P1414,U5108,4.0,外观漂亮，功能齐全。,2023-07-04
R00796,P1039,,1.0,差评，太差了。 真的后悔购买，太糟了！,2023-04-24
R00797,P1891,U5649,4.0,质量很好，物超所值。 这是第1次购买，一如既往的好！ 没什么特别的，客服服务态度很好，耐心解答,2023-09-28
R00798,P1254,U5750,2.0,一次糟糕的购物体验。,2023-12-26
R00799,P1782,U5812,3.0,物流还算正常。,2023-08-08
R00800,P1796,U5140,3.0,中规中矩，符合预期。 没什么好说的，就这样吧。,2023-11-28
R00801,P1426,U5895,5.0,客服服务态度很好，耐心解答。,2023-10-22
R00802,P1400,U5439,1.0,质量一般，有瑕疵。,2023-05-25
R00803,P1103,U5078,1.0,质量一般，有瑕疵。,2023-06-07
R00804,P1323,U5119,1.0,性价比不高，不值得。 真的后悔购买，太糟了！ 一次糟糕的购物体验，客服服务态度很好，耐心解答,2023-12-23
R00805,P1769,,5.0,家人都很喜欢，下次还会光顾。,2023-06-30
R00806,P1220,U5862,4.0,包装精美，送货速度快。 这是第5次购买，一如既往的好！ 客服服务态度很好，耐心解答，客服很不专业，解决不了问题,2023-01-30
R00807,P1656,U5706,3.0,没什么特别的。 包装精美，送货速度快,2023-12-11
R00808,P1896,U5924,,推荐购买，效果显著。 不满意，不会再买,2023-11-15
R00809,P1317,U5145,4.0,简直完美，超出预期。 这是第3次购买，一如既往的好！ 不推荐，没什么用，差评，太差了,2023-08-16
R00810,P1093,U5065,2.0,性价比不高，不值得。,2023-07-02
R00811,P1457,U5060,2.0,客服很不专业，解决不了问题。,2023-10-19
R00812,P1671,U5997,1.0,不满意，不会再买。 真的后悔购买，太糟了！,2023-06-20
R00813,P1776,U5717,4.0,推荐购买，效果显著。 客服服务态度很好，耐心解答，推荐购买，效果显著,2023-06-20
R00814,P1240,U5466,1.0,外观普通，功能有问题。 不推荐，没什么用，家人都很喜欢，下次还会光顾,2023-10-16
R00815,P1377,U5746,5.0,非常满意的一次购物，会回购的。,2023-08-29
R00816,P1649,U5077,4.0,非常好，我很喜欢！ 这是第3次购买，一如既往的好！,2023-02-15
R00817,P1089,U5453,3.0,一般般，不算好也不算坏。 没什么好说的，就这样吧。,2023-12-12
R00818,P1445,U5570,3.0,中规中矩，符合预期。 家人都很喜欢，下次还会光顾,2023-04-24
R00819,P1203,U5556,2.0,一次糟糕的购物体验。 真的后悔购买，太糟了！,2023-10-05
R00820,P1259,U5183,1.0,不满意，不会再买。 客服很不专业，解决不了问题，性价比很高，值得拥有,2023-09-09
R00821,P1596,U5751,3.0,暂时没发现什么问题。,2023-09-11
R00822,P1430,U5997,5.0,质量很好，物超所值。,2023-03-21
R00823,P1999,U5221,2.0,有点失望，和描述不符。 一般般，不算好也不算坏，家人都很喜欢，下次还会光顾,2023-12-23
R00824,P1534,U5503,5.0,性价比很高，值得拥有。,2023-12-21
R00825,P1672,U5205,1.0,有点失望，和描述不符。,2023-07-20
R00826,P1803,U5024,2.0,客服很不专业，解决不了问题。 真的后悔购买，太糟了！,2023-05-12
R00827,P1522,U5655,2.0,一次糟糕的购物体验。 推荐购买，效果显著，挺普通的，没什么特色,2023-07-16
R00828,P1537,U5639,5.0,简直完美，超出预期。 这是第2次购买，一如既往的好！ 一次糟糕的购物体验,2023-08-31
R00829,P1568,U5079,5.0,推荐购买，效果显著。 质量一般，有瑕疵，性价比不高，不值得,2023-03-11
R00830,P1790,U5450,1.0,外观普通，功能有问题。 真的后悔购买，太糟了！ 有点失望，和描述不符,2023-05-15
R00831,P1770,U5636,2.0,不推荐，没什么用。 非常好，我很喜欢,2023-09-13
R00832,P1294,U5177,4.0,包装精美，送货速度快。,2023-03-08
R00833,P1647,U5606,5.0,非常好，我很喜欢！ 这是第5次购买，一如既往的好！,2023-07-23
R00834,P1918,U5893,1.0,不推荐，没什么用。 不推荐，没什么用,2023-04-04
R00835,P1754,U5167,1.0,差评，太差了。 真的后悔购买，太糟了！,2023-10-22
R00836,P1130,U5342,3.0,一般般，不算好也不算坏。,2023-10-31
R00837,P1097,U5268,5.0,客服服务态度很好，耐心解答。,2023-06-12
R00838,P1658,U5380,5.0,包装精美，送货速度快。 这是第4次购买，一如既往的好！ 非常满意的一次购物，会回购的，质量一般，有瑕疵,2023-05-21
R00839,P1047,U5785,3.0,没什么特别的。,2023-12-26
R00840,P1562,U5341,3.0,,2023-09-24
R00841,P1270,U5561,2.0,不推荐，没什么用。 真的后悔购买，太糟了！ 差评，太差了,2023-08-12
R00842,P1708,U5220,1.0,不推荐，没什么用。 真的后悔购买，太糟了！,2023-06-12
R00843,P1057,U5089,4.0,性价比很高，值得拥有。,2023-03-15
R00844,P1885,U5565,5.0,客服服务态度很好，耐心解答。,2023-08-19
R00845,P1027,U5961,1.0,不满意，不会再买。 外观漂亮，功能齐全,2023-09-21
R00846,P1503,U5646,3.0,还行，凑合用吧。 没什么好说的，就这样吧。,2023-07-16
R00847,P1461,U5959,4.0,非常好，我很喜欢！ 这是第2次购买，一如既往的好！ 外观漂亮，功能齐全,2023-02-24
R00848,P1979,U5645,5.0,非常满意的一次购物，会回购的。 这是第1次购买，一如既往的好！ 外观普通，功能有问题，性价比很高，值得拥有,2023-05-03
R00849,P1383,U5965,4.0,非常满意的一次购物，会回购的。,2023-07-07
R00850,P1111,U5541,3.0,一般般，不算好也不算坏。 没什么好说的，就这样吧。,2023-02-04
R00851,P1087,U5151,3.0,还可以吧，一般般。 物流还算正常,2023-01-06
R00852,P1027,U5225,5.0,包装精美，送货速度快。,2023-07-24
R00853,P1784,U5924,2.0,性价比不高，不值得。 外观漂亮，功能齐全，家人都很喜欢，下次还会光顾,2023-01-01
R00854,P1470,U5437,2.0,包装破损，送货慢。 真的后悔购买，太糟了！ 差评，太差了,2023-08-21
R00855,P1945,U5140,4.0,包装精美，送货速度快。 物流还算正常,2023-11-13
R00856,P1925,U5003,3.0,挺普通的，没什么特色。,2023-03-26
R00857,P1141,U5366,4.0,简直完美，超出预期。,2023-05-01
R00858,P1602,U5156,,客服服务态度很好，耐心解答。,2023-12-22
R00859,P1563,U5366,1.0,质量一般，有瑕疵。 真的后悔购买，太糟了！,2023-03-10
R00860,P1632,U5064,2.0,外观普通，功能有问题。 真的后悔购买，太糟了！ 家人都很喜欢，下次还会光顾，一般般，不算好也不算坏,2023-03-05
R00861,P1615,U5398,3.0,中规中矩，符合预期。 包装破损，送货慢,2023-04-07
R00862,P1869,U5119,5.0,性价比很高，值得拥有。 这是第2次购买，一如既往的好！,2023-06-07
R00863,P1576,U5331,1.0,不推荐，没什么用。,2023-07-09
R00864,P1439,U5151,1.0,有点失望，和描述不符。 真的后悔购买，太糟了！ 推荐购买，效果显著,2023-12-30
R00865,P1075,U5072,3.0,挺普通的，没什么特色。 没什么好说的，就这样吧。 还可以吧，一般般，价格适中，没有惊喜,2023-06-02
R00866,P1610,U5460,1.0,不推荐，没什么用。 真的后悔购买，太糟了！ 质量一般，有瑕疵,2023-02-21
R00867,P1160,U5987,4.0,简直完美，超出预期。 这是第5次购买，一如既往的好！ 推荐购买，效果显著,2023-07-20
R00868,P1250,U5471,,性价比不高，不值得。 物流还算正常，不推荐，没什么用,2023-10-31
R00869,P1364,U5746,5.0,推荐购买，效果显著。,2023-11-20
R00870,P1046,U5611,5.0,包装精美，送货速度快。 没什么特别的,2023-10-07
R00871,P1449,U5328,3.0,,2023-07-06
R00872,P1409,U5945,4.0,包装精美，送货速度快。 客服很不专业，解决不了问题，不满意，不会再买,2023-08-13
R00873,P1359,U5947,4.0,质量很好，物超所值。 暂时没发现什么问题,2023-10-01
R00874,P1508,U5144,,客服服务态度很好，耐心解答。,2023-07-28
R00875,P1036,U5911,5.0,包装精美，送货速度快。 暂时没发现什么问题，不推荐，没什么用,2023-04-12
R00876,P1047,U5942,1.0,外观普通，功能有问题。 真的后悔购买，太糟了！ 外观漂亮，功能齐全,2023-03-08
R00877,P1428,U5853,2.0,性价比不高，不值得。 真的后悔购买，太糟了！,2023-08-04
R00878,P1752,U5920,4.0,非常满意的一次购物，会回购的。 这是第4次购买，一如既往的好！,2023-11-10
R00879,P1061,U5861,5.0,家人都很喜欢，下次还会光顾。 质量一般，有瑕疵，一般般，不算好也不算坏,2023-12-05
R00880,P1203,U5359,5.0,包装精美，送货速度快。 这是第4次购买，一如既往的好！,2023-06-21
R00881,P1598,U5261,,性价比不高，不值得。,2023-09-29
R00882,P1775,U5863,5.0,外观漂亮，功能齐全。 不推荐，没什么用,2023-01-16
R00883,P1962,U5064,1.0,客服很不专业，解决不了问题。,2023-04-05
R00884,P1294,U5321,4.0,客服服务态度很好，耐心解答。,2023-07-28
R00885,P1687,U5094,1.0,有点失望，和描述不符。 真的后悔购买，太糟了！,2023-04-12
R00886,P1869,U5046,3.0,用用看再说。,2023-06-11
R00887,P1816,U5295,3.0,没什么特别的。,2023-07-16
R00888,P1883,U5545,3.0,还行，凑合用吧。,2023-05-08
R00889,P1708,U5927,4.0,客服服务态度很好，耐心解答。,2023-10-29
R00890,P1378,U5190,3.0,物流还算正常。,2023-04-26
R00891,P1920,U5691,4.0,,2023-07-14
R00892,P1267,U5858,5.0,推荐购买，效果显著。 客服服务态度很好，耐心解答,2023-11-13
R00893,P1721,U5553,4.0,性价比很高，值得拥有。 这是第5次购买，一如既往的好！,2023-02-28
R00894,P1476,U5195,3.0,一般般，不算好也不算坏。 客服服务态度很好，耐心解答,2023-10-24
R00895,P1046,U5796,4.0,非常好，我很喜欢！ 还可以吧，一般般，没什么特别的,2023-06-15
R00896,P1131,U5781,5.0,家人都很喜欢，下次还会光顾。,2023-05-07
R00897,P1909,U5355,3.0,还行，凑合用吧。 没什么好说的，就这样吧。,2023-02-17
R00898,P1300,U5779,2.0,,2023-03-08
R00899,P1648,U5341,,没什么特别的。 没什么好说的，就这样吧。,2023-09-04
R00900,P1021,U5945,2.0,一次糟糕的购物体验。,2023-05-19
R00901,P1077,U5465,1.0,差评，太差了。 真的后悔购买，太糟了！ 没什么特别的，还行，凑合用吧,2023-08-15
R00902,P1917,U5521,1.0,质量一般，有瑕疵。 不满意，不会再买，中规中矩，符合预期,2023-04-22
R00903,P1575,U5153,2.0,一次糟糕的购物体验。 真的后悔购买，太糟了！,2023-11-24
R00904,P1499,U5161,2.0,一次糟糕的购物体验。 真的后悔购买，太糟了！,2023-04-04
R00905,P1080,U5993,5.0,家人都很喜欢，下次还会光顾。 这是第4次购买，一如既往的好！,2023-12-21
R00906,P1616,U5223,2.0,外观普通，功能有问题。 不推荐，没什么用，推荐购买，效果显著,2023-01-10
R00907,P1307,U5459,4.0,推荐购买，效果显著。,2023-02-25
R00908,P1601,U5378,3.0,挺普通的，没什么特色。 没什么好说的，就这样吧。,2023-02-07
R00909,P1923,U5339,5.0,家人都很喜欢，下次还会光顾。 这是第3次购买，一如既往的好！ 差评，太差了，性价比很高，值得拥有,2023-02-07
R00910,P1930,U5704,2.0,包装破损，送货慢。 真的后悔购买，太糟了！,2023-09-17
R00911,P1606,U5778,2.0,质量一般，有瑕疵。,2023-06-23
R00912,P1740,U5763,2.0,有点失望，和描述不符。 真的后悔购买，太糟了！ 质量一般，有瑕疵,2023-11-11
R00913,P1115,U5155,5.0,外观漂亮，功能齐全。 一次糟糕的购物体验,2023-12-18
R00914,P1589,U5798,2.0,包装破损，送货慢。 真的后悔购买，太糟了！,2023-05-30
R00915,P1012,U5791,3.0,用用看再说。 没什么好说的，就这样吧。 性价比不高，不值得,2023-11-20
R00916,P1516,U5052,2.0,不推荐，没什么用。 真的后悔购买，太糟了！,2023-03-17
R00917,P1600,U5199,2.0,不推荐，没什么用。 真的后悔购买，太糟了！ 有点失望，和描述不符,2023-08-13
R00918,P1018,U5343,3.0,还可以吧，一般般。 性价比不高，不值得,2023-03-31
R00919,P1725,U5157,2.0,差评，太差了。 真的后悔购买，太糟了！,2023-12-07
R00920,P1936,U5233,3.0,还行，凑合用吧。 不推荐，没什么用，性价比很高，值得拥有,2023-07-03
R00921,P1149,U5224,4.0,家人都很喜欢，下次还会光顾。 性价比很高，值得拥有,2023-01-13
R00922,P1658,U5597,4.0,性价比很高，值得拥有。 中规中矩，符合预期，外观漂亮，功能齐全,2023-06-26
R00923,P1143,U5170,5.0,外观漂亮，功能齐全。 这是第3次购买，一如既往的好！,2023-11-06
R00924,P1125,U5755,1.0,性价比不高，不值得。,2023-08-14
R00925,P1451,U5390,2.0,差评，太差了。,2023-04-06
R00926,P1995,U5745,3.0,挺普通的，没什么特色。,2023-04-22
R00927,P1445,U5302,2.0,差评，太差了。,2023-07-19
R00928,P1974,U5730,2.0,包装破损，送货慢。 还可以吧，一般般，包装破损，送货慢,2023-06-01
R00929,P1826,U5125,1.0,包装破损，送货慢。 真的后悔购买，太糟了！,2023-07-04
R00930,P1350,U5161,3.0,物流还算正常。 没什么好说的，就这样吧。,2023-11-01
R00931,P1579,U5971,2.0,差评，太差了。 真的后悔购买，太糟了！,2023-06-28
R00932,P1429,U5552,5.0,推荐购买，效果显著。,2023-10-11
R00933,P1986,,5.0,推荐购买，效果显著。 这是第5次购买，一如既往的好！,2023-01-14
R00934,P1128,U5862,2.0,有点失望，和描述不符。 不满意，不会再买，推荐购买，效果显著,2023-01-18
R00935,P1561,U5419,1.0,质量一般，有瑕疵。,2023-06-04
R00936,P1255,U5035,2.0,不满意，不会再买。,2023-12-11
R00937,P1056,U5164,2.0,性价比不高，不值得。 真的后悔购买，太糟了！,2023-10-08
R00938,P1362,U5358,1.0,外观普通，功能有问题。 真的后悔购买，太糟了！,2023-09-28
R00939,P1871,U5341,1.0,包装破损，送货慢。 差评，太差了,2023-04-13
R00940,P1965,U5528,4.0,包装精美，送货速度快。,2023-11-24
R00941,P1518,U5201,3.0,还可以吧，一般般。,2023-09-19
R00942,P1267,U5097,2.0,性价比不高，不值得。 真的后悔购买，太糟了！ 不推荐，没什么用，还可以吧，一般般,2023-08-11
R00943,P1502,U5124,2.0,客服很不专业，解决不了问题。,2023-02-09
R00944,P1588,U5671,1.0,性价比不高，不值得。,2023-08-02
R00945,P1068,U5163,2.0,不推荐，没什么用。,2023-12-08
R00946,P1527,U5622,2.0,包装破损，送货慢。,2023-04-25
R00947,P1586,U5417,2.0,不满意，不会再买。 真的后悔购买，太糟了！,2023-08-28
R00948,P1723,U5564,2.0,质量一般，有瑕疵。 非常满意的一次购物，会回购的，性价比很高，值得拥有,2023-01-22
R00949,P1764,U5121,2.0,不推荐，没什么用。 真的后悔购买，太糟了！,2023-11-22
R00950,P1392,U5521,3.0,挺普通的，没什么特色。,2023-02-26
R00951,P1337,U5555,3.0,一般般，不算好也不算坏。 没什么好说的，就这样吧。,2023-06-23
R00952,P1605,U5476,1.0,质量一般，有瑕疵。 真的后悔购买，太糟了！,2023-11-10
R00953,P1159,U5853,3.0,物流还算正常。 没什么好说的，就这样吧。 家人都很喜欢，下次还会光顾，还行，凑合用吧,2023-01-26
R00954,P1540,U5517,3.0,还可以吧，一般般。,2023-05-26
R00955,P1583,U5355,1.0,不满意，不会再买。,2023-10-05
R00956,P1505,U5743,1.0,一次糟糕的购物体验。 真的后悔购买，太糟了！ 中规中矩，符合预期,2023-06-05
R00957,P1084,U5918,4.0,性价比很高，值得拥有。,2023-08-14
R00958,P1127,U5509,1.0,外观普通，功能有问题。 性价比很高，值得拥有，差评，太差了,2023-07-09
R00959,P1016,U5305,4.0,质量很好，物超所值。 物流还算正常，非常满意的一次购物，会回购的,2023-07-03
R00960,P1380,U5388,4.0,质量很好，物超所值。 这是第1次购买，一如既往的好！,2023-09-29
R00961,P1979,U5245,3.0,挺普通的，没什么特色。 用用看再说,2023-07-22
R00962,P1305,U5214,4.0,质量很好，物超所值。,2023-03-07
R00963,P1271,U5157,1.0,包装破损，送货慢。 真的后悔购买，太糟了！,2023-11-15
R00964,P1941,U5247,1.0,质量一般，有瑕疵。 性价比很高，值得拥有，客服服务态度很好，耐心解答,2023-03-27
R00965,P1318,U5060,2.0,一次糟糕的购物体验。 真的后悔购买，太糟了！,2023-02-09
R00966,P1194,U5499,3.0,价格适中，没有惊喜。 没什么好说的，就这样吧。 客服很不专业，解决不了问题,2023-02-24
R00967,P1201,U5367,1.0,客服很不专业，解决不了问题。,2023-04-24
R00968,P1527,U5048,2.0,不满意，不会再买。,2023-07-26
R00969,P1531,U5566,5.0,外观漂亮，功能齐全。 这是第5次购买，一如既往的好！ 差评，太差了，还行，凑合用吧,2023-12-30
R00970,P1511,U5396,1.0,一次糟糕的购物体验。 真的后悔购买，太糟了！ 客服很不专业，解决不了问题,2023-06-27
R00971,P1487,U5959,5.0,包装精美，送货速度快。,2023-12-24
R00972,P1909,U5788,5.0,包装精美，送货速度快。,2023-10-30
R00973,P1833,U5876,2.0,客服很不专业，解决不了问题。 真的后悔购买，太糟了！ 外观普通，功能有问题，非常满意的一次购物，会回购的,2023-01-22
R00974,P1774,U5465,5.0,客服服务态度很好，耐心解答。 这是第2次购买，一如既往的好！ 性价比不高，不值得,2023-12-11
R00975,P1986,U5057,3.0,还可以吧，一般般。 客服服务态度很好，耐心解答,2023-04-16
R00976,P1150,U5791,1.0,质量一般，有瑕疵。 真的后悔购买，太糟了！,2023-05-24
R00977,P1323,U5660,5.0,简直完美，超出预期。 这是第2次购买，一如既往的好！,2023-01-02
R00978,P1233,U5897,1.0,差评，太差了。,2023-11-17
R00979,P1454,U5656,2.0,性价比不高，不值得。 用用看再说，中规中矩，符合预期,2023-08-05
R00980,P1361,U5318,3.0,还可以吧，一般般。,2023-02-08
R00981,P1275,U5303,5.0,客服服务态度很好，耐心解答。,2023-08-01
R00982,P1445,U5338,1.0,外观普通，功能有问题。 不满意，不会再买,2023-09-03
R00983,P1438,U5568,5.0,家人都很喜欢，下次还会光顾。 这是第5次购买，一如既往的好！,2023-12-17
R00984,P1999,U5953,5.0,客服服务态度很好，耐心解答。 客服服务态度很好，耐心解答,2023-10-27
R00985,P1558,U5255,2.0,外观普通，功能有问题。 性价比不高，不值得，不推荐，没什么用,2023-10-09
R00986,P1312,U5580,2.0,差评，太差了。,2023-08-08
R00987,P1685,U5774,5.0,推荐购买，效果显著。 这是第2次购买，一如既往的好！,2023-03-10
R00988,P1024,U5975,3.0,价格适中，没有惊喜。,2023-05-30
R00989,P1352,U5547,1.0,差评，太差了。,2023-08-16
R00990,P1935,U5184,4.0,推荐购买，效果显著。 这是第2次购买，一如既往的好！ 家人都很喜欢，下次还会光顾,2023-05-11
R00991,P1674,U5949,3.0,还行，凑合用吧。 没什么好说的，就这样吧。 价格适中，没有惊喜,2023-03-12
R00992,P1684,U5720,4.0,推荐购买，效果显著。,2023-12-29
R00993,P1706,U5718,1.0,不满意，不会再买。,2023-12-05
R00994,P1561,U5430,4.0,包装精美，送货速度快。,2023-07-05
R00995,P1494,U5860,2.0,一次糟糕的购物体验。 真的后悔购买，太糟了！,2023-09-17
R00996,P1339,U5579,2.0,不满意，不会再买。 真的后悔购买，太糟了！,2023-01-03
R00997,P1079,U5886,2.0,外观普通，功能有问题。 真的后悔购买，太糟了！,2023-06-29
R00998,P1782,U5256,2.0,有点失望，和描述不符。,2023-04-17
R00999,P1498,U5302,2.0,包装破损，送货慢。 还行，凑合用吧，有点失望，和描述不符,2023-09-14
R01000,P1516,U5722,1.0,性价比不高，不值得。 外观漂亮，功能齐全,2023-10-30
R01001,P1187,U5127,5.0,非常好，我很喜欢！ 物流还算正常,2023-11-01
R01002,P1378,U5089,1.0,外观普通，功能有问题。 一般般，不算好也不算坏,2023-01-05
R01003,P1624,U5410,2.0,包装破损，送货慢。 真的后悔购买，太糟了！,2023-07-07
R01004,P1821,U5713,5.0,质量很好，物超所值。,2023-02-13
R01005,P1206,U5859,2.0,性价比不高，不值得。,2023-07-22
R01006,P1393,U5267,4.0,客服服务态度很好，耐心解答。,2023-12-28
R01007,P1421,U5352,4.0,质量很好，物超所值。 这是第3次购买，一如既往的好！ 家人都很喜欢，下次还会光顾,2023-01-20
R01008,P1396,U5134,4.0,非常好，我很喜欢！,2023-09-09
R01009,P1714,U5422,1.0,客服很不专业，解决不了问题。 真的后悔购买，太糟了！ 不推荐，没什么用,2023-02-22
R01010,P1468,U5957,3.0,价格适中，没有惊喜。 性价比不高，不值得,2023-12-05
R01011,P1315,U5078,2.0,包装破损，送货慢。 真的后悔购买，太糟了！,2023-10-05
R01012,P1442,U5675,4.0,外观漂亮，功能齐全。 质量一般，有瑕疵，质量很好，物超所值,2023-02-12
R01013,P1786,U5045,4.0,外观漂亮，功能齐全。 这是第5次购买，一如既往的好！ 外观普通，功能有问题，性价比不高，不值得,2023-08-25
R01014,P1675,U5914,4.0,质量很好，物超所值。,2023-11-02
R01015,P1437,U5988,4.0,包装精美，送货速度快。 包装破损，送货慢,2023-04-26
R01016,P1121,U5386,4.0,外观漂亮，功能齐全。 这是第3次购买，一如既往的好！ 不推荐，没什么用,2023-06-07
R01017,P1253,U5817,3.0,暂时没发现什么问题。 没什么好说的，就这样吧。,2023-11-26
R01018,P1519,U5598,4.0,质量很好，物超所值。 客服服务态度很好，耐心解答，质量很好，物超所值,2023-11-17
R01019,P1892,U5732,4.0,质量很好，物超所值。 这是第3次购买，一如既往的好！ 价格适中，没有惊喜,2023-10-24
R01020,P1132,U5047,3.0,暂时没发现什么问题。 没什么好说的，就这样吧。,2023-01-04
R01021,P1640,U5886,2.0,外观普通，功能有问题。,2023-08-03
R01022,P1198,U5803,4.0,包装精美，送货速度快。 外观普通，功能有问题，暂时没发现什么问题,2023-03-21
R01023,P1990,U5334,4.0,非常满意的一次购物，会回购的。 外观普通，功能有问题，中规中矩，符合预期,2023-09-15
R01024,P1839,U5567,4.0,非常满意的一次购物，会回购的。 这是第3次购买，一如既往的好！,2023-06-07
R01025,P1630,U5593,2.0,一次糟糕的购物体验。 还可以吧，一般般,2023-11-01
R01026,P1261,U5438,4.0,简直完美，超出预期。,2023-10-01
R01027,P1261,U5937,3.0,没什么特别的。 没什么好说的，就这样吧。 挺普通的，没什么特色，性价比很高，值得拥有,2023-09-11
R01028,P1376,U5212,3.0,挺普通的，没什么特色。 没什么好说的，就这样吧。,2023-06-02
R01029,P1989,U5949,1.0,差评，太差了。 真的后悔购买，太糟了！,2023-10-23
R01030,P1903,U5367,3.0,还可以吧，一般般。 没什么好说的，就这样吧。 外观普通，功能有问题,2023-11-25
R01031,P1283,U5469,5.0,包装精美，送货速度快。,2023-04-24
R01032,P1628,U5731,3.0,用用看再说。 没什么好说的，就这样吧。,2023-11-24
R01033,P1055,U5863,3.0,挺普通的，没什么特色。,2023-10-28
R01034,P1544,U5788,4.0,推荐购买，效果显著。,2023-07-29
R01035,P1578,U5818,4.0,非常好，我很喜欢！,2023-06-16
R01036,P1168,U5743,5.0,性价比很高，值得拥有。,2023-08-06
R01037,P1037,U5607,2.0,不满意，不会再买。 真的后悔购买，太糟了！ 客服服务态度很好，耐心解答，没什么特别的,2023-06-07
R01038,P1007,U5050,2.0,差评，太差了。,2023-10-06
R01039,P1127,U5404,3.0,用用看再说。 没什么好说的，就这样吧。 不满意，不会再买，暂时没发现什么问题,2023-08-28
R01040,P1033,U5309,4.0,客服服务态度很好，耐心解答。,2023-03-16
R01041,P1863,U5662,5.0,性价比很高，值得拥有。 推荐购买，效果显著，外观漂亮，功能齐全,2023-11-14
R01042,P1107,U5281,2.0,不满意，不会再买。 性价比不高，不值得,2023-04-28
R01043,P1005,U5252,4.0,家人都很喜欢，下次还会光顾。,2023-11-03
R01044,P1703,U5726,,不推荐，没什么用。,2023-10-20
R01045,P1693,U5010,2.0,质量一般，有瑕疵。 真的后悔购买，太糟了！,2023-05-19
R01046,P1091,U5498,5.0,包装精美，送货速度快。,2023-09-10
R01047,P1046,U5121,4.0,外观漂亮，功能齐全。 这是第5次购买，一如既往的好！,2023-10-22
R01048,P1945,U5163,5.0,包装精美，送货速度快。 这是第4次购买，一如既往的好！ 性价比不高，不值得,2023-11-01
R01049,P1051,U5464,2.0,不推荐，没什么用。,2023-04-03
R01050,P1296,U5486,5.0,包装精美，送货速度快。,2023-12-08
R01051,P1371,U5890,1.0,包装破损，送货慢。 真的后悔购买，太糟了！,2023-10-19
R01052,P1186,U5254,3.0,价格适中，没有惊喜。,2023-11-23
R01053,P1760,U5135,3.0,没什么特别的。 用用看再说，外观普通，功能有问题,2023-06-04
R01054,P1028,U5628,4.0,包装精美，送货速度快。,2023-09-23
R01055,P1720,U5913,1.0,外观普通，功能有问题。,2023-05-16
R01056,P1253,U5850,3.0,价格适中，没有惊喜。,2023-09-14
R01057,P1668,U5274,4.0,家人都很喜欢，下次还会光顾。 暂时没发现什么问题，性价比不高，不值得,2023-04-22
R01058,P1652,U5950,4.0,非常好，我很喜欢！ 质量很好，物超所值，用用看再说,2023-03-02
R01059,P1151,U5507,1.0,包装破损，送货慢。,2023-07-25
R01060,P2000,U5128,2.0,一次糟糕的购物体验。 真的后悔购买，太糟了！ 用用看再说,2023-03-29
R01061,P1887,U5839,5.0,简直完美，超出预期。,2023-02-11
R01062,P1106,U5451,5.0,推荐购买，效果显著。 这是第5次购买，一如既往的好！ 质量很好，物超所值,2023-01-23
R01063,P1466,U5144,1.0,差评，太差了。 真的后悔购买，太糟了！,2023-12-02
R01064,P1706,U5490,5.0,质量很好，物超所值。,2023-07-09
R01065,P1725,U5268,5.0,非常好，我很喜欢！ 包装精美，送货速度快，外观漂亮，功能齐全,2023-03-25
R01066,P1966,U5438,1.0,性价比不高，不值得。,2023-06-27
R01067,P1460,U5136,4.0,客服服务态度很好，耐心解答。,2023-01-16
R01068,P1605,U5942,,中规中矩，符合预期。 没什么好说的，就这样吧。,2023-01-09
R01069,P1426,U5993,5.0,客服服务态度很好，耐心解答。 这是第3次购买，一如既往的好！ 包装破损，送货慢,2023-04-17
R01070,P1044,U5923,2.0,性价比不高，不值得。 真的后悔购买，太糟了！,2023-09-19
R01071,P1886,U5302,,包装破损，送货慢。 没什么特别的,2023-07-11
R01072,P1617,U5877,5.0,家人都很喜欢，下次还会光顾。 还行，凑合用吧，包装破损，送货慢,2023-04-16
R01073,P1690,U5527,1.0,质量一般，有瑕疵。 真的后悔购买，太糟了！,2023-09-16
R01074,P1131,U5147,2.0,差评，太差了。 真的后悔购买，太糟了！,2023-05-27
R01075,P1209,U5606,1.0,性价比不高，不值得。 不满意，不会再买，外观普通，功能有问题,2023-01-15
R01076,P1642,U5165,5.0,简直完美，超出预期。 这是第4次购买，一如既往的好！,2023-12-10
R01077,P1277,U5171,5.0,包装精美，送货速度快。 非常满意的一次购物，会回购的，不满意，不会再买,2023-02-06
R01078,P1582,U5795,2.0,有点失望，和描述不符。,2023-01-21
R01079,P1918,U5606,4.0,家人都很喜欢，下次还会光顾。 中规中矩，符合预期，挺普通的，没什么特色,2023-10-25
R01080,P1221,U5280,3.0,没什么特别的。 还可以吧，一般般,2023-12-28
R01081,P1249,U5197,2.0,一次糟糕的购物体验。 物流还算正常,2023-12-26
R01082,P1357,U5916,4.0,简直完美，超出预期。,2023-08-06
R01083,P1336,U5869,2.0,一次糟糕的购物体验。 真的后悔购买，太糟了！ 用用看再说，性价比不高，不值得,2023-02-17
R01084,P1811,U5305,5.0,简直完美，超出预期。,2023-05-14
R01085,P1395,U5338,1.0,包装破损，送货慢。,2023-06-16
R01086,P1305,U5033,5.0,外观漂亮，功能齐全。 这是第1次购买，一如既往的好！ 外观漂亮，功能齐全，外观普通，功能有问题,2023-07-30
R01087,P1903,U5667,5.0,性价比很高，值得拥有。 这是第1次购买，一如既往的好！,2023-01-29
R01088,P1050,U5549,3.0,一般般，不算好也不算坏。,2023-08-16
R01089,P1393,U5465,5.0,客服服务态度很好，耐心解答。 这是第4次购买，一如既往的好！,2023-04-05
R01090,P1149,U5915,2.0,差评，太差了。 还行，凑合用吧,2023-07-02
R01091,P1461,U5302,3.0,中规中矩，符合预期。 不推荐，没什么用,2023-07-31
R01092,P1250,U5555,4.0,推荐购买，效果显著。 这是第2次购买，一如既往的好！ 差评，太差了，非常满意的一次购物，会回购的,2023-10-21
R01093,P1272,U5215,2.0,外观普通，功能有问题。 家人都很喜欢，下次还会光顾,2023-09-03
R01094,P1827,U5103,1.0,有点失望，和描述不符。 真的后悔购买，太糟了！,2023-09-19
R01095,P1514,U5642,5.0,客服服务态度很好，耐心解答。 外观漂亮，功能齐全,2023-10-03
R01096,P1294,U5348,2.0,差评，太差了。 真的后悔购买，太糟了！,2023-01-03
R01097,P1381,U5895,4.0,非常好，我很喜欢！,2023-09-11
R01098,P1310,U5950,5.0,性价比很高，值得拥有。,2023-02-26
R01099,P1855,U5635,4.0,简直完美，超出预期。 这是第2次购买，一如既往的好！ 外观漂亮，功能齐全,2023-03-24
R01100,P1226,U5140,2.0,包装破损，送货慢。,2023-12-01
R01101,P1622,U5855,2.0,客服很不专业，解决不了问题。 中规中矩，符合预期,2023-04-10
R01102,P1406,U5867,4.0,性价比很高，值得拥有。 客服服务态度很好，耐心解答，质量很好，物超所值,2023-03-22
R01103,P1217,U5356,3.0,暂时没发现什么问题。 没什么好说的，就这样吧。 价格适中，没有惊喜，外观漂亮，功能齐全,2023-11-21
R01104,P1816,U5349,3.0,物流还算正常。 家人都很喜欢，下次还会光顾,2023-02-01
R01105,P1415,U5088,4.0,家人都很喜欢，下次还会光顾。,2023-05-11
R01106,P1036,U5557,2.0,不推荐，没什么用。 真的后悔购买，太糟了！,2023-09-03
R01107,P1998,U5862,3.0,物流还算正常。 没什么好说的，就这样吧。,2023-09-28
R01108,P1987,U5191,3.0,挺普通的，没什么特色。,2023-03-21
R01109,P1510,U5920,1.0,包装破损，送货慢。 真的后悔购买，太糟了！,2023-01-11
R01110,P1497,U5497,3.0,一般般，不算好也不算坏。,2023-02-01
R01111,P1597,U5259,1.0,有点失望，和描述不符。,2023-02-05
R01112,P1322,U5060,4.0,   ,2023-06-07
R01113,P1885,U5308,1.0,不满意，不会再买。 真的后悔购买，太糟了！,2023-06-19
R01114,P1374,U5637,5.0,非常好，我很喜欢！ 这是第2次购买，一如既往的好！,2023-07-26
R01115,P1245,U5334,1.0,质量一般，有瑕疵。 真的后悔购买，太糟了！ 包装破损，送货慢,2023-04-25
R01116,P1099,U5227,2.0,,2023-05-07
R01117,P1862,U5868,1.0,外观普通，功能有问题。,2023-05-11
R01118,P1167,U5880,1.0,一次糟糕的购物体验。,2023-11-27
R01119,P1673,U5049,2.0,外观普通，功能有问题。 真的后悔购买，太糟了！ 不推荐，没什么用，家人都很喜欢，下次还会光顾,2023-08-26
R01120,P1514,U5315,1.0,不满意，不会再买。 真的后悔购买，太糟了！,2023-05-18
R01121,P1314,U5821,5.0,外观漂亮，功能齐全。 这是第5次购买，一如既往的好！,2023-01-18
R01122,P1802,U5948,3.0,还行，凑合用吧。 简直完美，超出预期，不推荐，没什么用,2023-07-08
R01123,P1082,U5002,2.0,客服很不专业，解决不了问题。 真的后悔购买，太糟了！ 差评，太差了,2023-08-03
R01124,P1126,U5030,2.0,有点失望，和描述不符。 中规中矩，符合预期,2023-11-09
R01125,P1763,U5812,1.0,不满意，不会再买。 真的后悔购买，太糟了！,2023-07-18
R01126,P1465,U5951,1.0,包装破损，送货慢。 挺普通的，没什么特色,2023-03-21
R01127,P1223,U5859,3.0,价格适中，没有惊喜。 不推荐，没什么用,2023-05-14
R01128,P1269,U5405,3.0,暂时没发现什么问题。 没什么好说的，就这样吧。,2023-01-17
R01129,P1878,U5231,2.0,质量一般，有瑕疵。,2023-06-02
R01130,P1860,U5526,5.0,客服服务态度很好，耐心解答。 这是第2次购买，一如既往的好！ 性价比很高，值得拥有，差评，太差了,2023-04-19
R01131,P1614,U5843,,挺普通的，没什么特色。 没什么好说的，就这样吧。 挺普通的，没什么特色,2023-04-07
R01132,P1761,,4.0,性价比很高，值得拥有。 质量一般，有瑕疵,2023-07-13
R01133,P1766,U5156,2.0,外观普通，功能有问题。 真的后悔购买，太糟了！ 家人都很喜欢，下次还会光顾,2023-10-23
R01134,P1189,U5645,4.0,性价比很高，值得拥有。,2023-10-09
R01135,P1999,U5409,2.0,不推荐，没什么用。,2023-09-05
R01136,P1043,U5385,1.0,外观普通，功能有问题。,2023-05-24
R01137,P1063,U5886,3.0,没什么特别的。 没什么好说的，就这样吧。,2023-07-30
R01138,P1652,U5400,,简直完美，超出预期。 这是第2次购买，一如既往的好！,2023-07-05
R01139,P1630,U5302,3.0,还可以吧，一般般。 性价比很高，值得拥有，外观普通，功能有问题,2023-08-07
R01140,P1476,U5526,4.0,包装精美，送货速度快。,2023-12-19
R01141,P1430,U5387,2.0,性价比不高，不值得。 质量一般，有瑕疵,2023-08-13
R01142,P1932,U5195,4.0,质量很好，物超所值。 性价比不高，不值得，还行，凑合用吧,2023-10-15
R01143,P1293,U5303,2.0,,2023-11-16
R01144,P1436,U5743,4.0,非常满意的一次购物，会回购的。,2023-05-03
R01145,P1179,U5600,2.0,外观普通，功能有问题。,2023-03-06
R01146,P1464,U5601,3.0,没什么特别的。 没什么好说的，就这样吧。,2023-07-12
R01147,P1296,U5173,4.0,外观漂亮，功能齐全。,2023-06-05
R01148,P1303,U5015,2.0,,2023-10-04
R01149,P1504,U5388,,推荐购买，效果显著。,2023-05-25
R01150,P1211,U5591,3.0,一般般，不算好也不算坏。 没什么好说的，就这样吧。,2023-07-07
R01151,P1472,U5483,1.0,不满意，不会再买。 客服很不专业，解决不了问题,2023-03-31
R01152,P1731,U5362,2.0,差评，太差了。 包装破损，送货慢，非常好，我很喜欢,2023-10-03
R01153,P1524,U5387,3.0,   ,2023-11-07
R01154,P1528,U5025,4.0,非常满意的一次购物，会回购的。,2023-09-04
R01155,P1543,U5836,3.0,用用看再说。 没什么好说的，就这样吧。,2023-01-05
R01156,P1958,U5283,5.0,推荐购买，效果显著。 这是第2次购买，一如既往的好！,2023-02-04
R01157,P1943,U5527,5.0,推荐购买，效果显著。 这是第5次购买，一如既往的好！ 家人都很喜欢，下次还会光顾,2023-09-02
R01158,P1095,U5739,2.0,差评，太差了。 真的后悔购买，太糟了！ 还行，凑合用吧，一次糟糕的购物体验,2023-03-26
R01159,P1029,U5619,2.0,差评，太差了。 真的后悔购买，太糟了！ 差评，太差了,2023-09-23
R01160,P1598,U5302,5.0,质量很好，物超所值。 这是第4次购买，一如既往的好！,2023-11-15
R01161,P1764,U5895,1.0,一次糟糕的购物体验。,2023-06-21
R01162,P1352,U5420,4.0,家人都很喜欢，下次还会光顾。,2023-08-07
R01163,P1056,U5144,3.0,物流还算正常。,2023-05-23
R01164,P1789,U5168,2.0,差评，太差了。 价格适中，没有惊喜，一般般，不算好也不算坏,2023-08-22
R01165,P1064,U5557,1.0,不推荐，没什么用。 真的后悔购买，太糟了！,2023-01-17
R01166,P1088,U5586,1.0,不满意，不会再买。,2023-07-16
R01167,P1358,U5214,3.0,中规中矩，符合预期。,2023-10-13
R01168,P1654,U5102,5.0,包装精美，送货速度快。 暂时没发现什么问题,2023-02-07
R01169,P1513,U5281,4.0,简直完美，超出预期。,2023-10-03
R01170,P1644,U5871,2.0,质量一般，有瑕疵。 真的后悔购买，太糟了！,2023-03-25
R01171,P1187,U5110,4.0,包装精美，送货速度快。 这是第3次购买，一如既往的好！ 客服服务态度很好，耐心解答,2023-07-10
R01172,P1508,U5238,1.0,质量一般，有瑕疵。,2023-03-27
R01173,P1154,U5343,1.0,差评，太差了。 真的后悔购买，太糟了！ 客服服务态度很好，耐心解答,2023-06-17
R01174,P1586,U5708,2.0,有点失望，和描述不符。 还可以吧，一般般,2023-07-27
R01175,P1568,U5194,2.0,有点失望，和描述不符。 客服很不专业，解决不了问题,2023-09-18
R01176,P1449,U5732,1.0,质量一般，有瑕疵。 真的后悔购买，太糟了！,2023-01-15
R01177,P1249,U5944,3.0,暂时没发现什么问题。,2023-03-11
R01178,P1424,U5036,2.0,质量一般，有瑕疵。,2023-12-06
R01179,P1804,U5296,3.0,没什么特别的。 物流还算正常,2023-03-03
R01180,P1333,U5980,1.0,一次糟糕的购物体验。,2023-07-28
R01181,P1052,U5860,2.0,客服很不专业，解决不了问题。 包装精美，送货速度快，质量很好，物超所值,2023-03-28
R01182,P1806,U5813,2.0,不推荐，没什么用。 真的后悔购买，太糟了！ 外观普通，功能有问题，包装破损，送货慢,2023-04-10
R01183,P1857,U5698,3.0,还行，凑合用吧。,2023-09-19
R01184,P1908,U5843,5.0,家人都很喜欢，下次还会光顾。,2023-06-27
R01185,P1291,U5843,1.0,客服很不专业，解决不了问题。 还可以吧，一般般,2023-01-24
R01186,P1692,U5765,2.0,不满意，不会再买。,2023-10-20
R01187,P1307,U5441,3.0,暂时没发现什么问题。,2023-11-27
R01188,P1500,U5730,2.0,差评，太差了。,2023-11-19
R01189,P1629,U5284,2.0,有点失望，和描述不符。 真的后悔购买，太糟了！,2023-12-31
R01190,P1213,U5638,2.0,性价比不高，不值得。 真的后悔购买，太糟了！,2023-10-04
R01191,P1767,U5717,1.0,客服很不专业，解决不了问题。,2023-06-27
R01192,P1450,U5681,3.0,物流还算正常。,2023-04-17
R01193,P1707,U5199,1.0,不推荐，没什么用。 真的后悔购买，太糟了！,2023-01-20
R01194,P1353,U5894,4.0,质量很好，物超所值。 家人都很喜欢，下次还会光顾,2023-08-23
R01195,P1838,U5600,5.0,客服服务态度很好，耐心解答。 这是第3次购买，一如既往的好！,2023-03-05
R01196,P1449,U5863,4.0,性价比很高，值得拥有。,2023-03-09
R01197,P1346,U5284,2.0,有点失望，和描述不符。 真的后悔购买，太糟了！,2023-07-22
R01198,P1514,U5818,2.0,质量一般，有瑕疵。 真的后悔购买，太糟了！,2023-07-23
R01199,P1933,U5344,3.0,价格适中，没有惊喜。 非常满意的一次购物，会回购的，没什么特别的,2023-04-06
R01200,P1508,U5772,3.0,没什么特别的。 没什么好说的，就这样吧。,2023-10-19
R01201,P1811,U5678,2.0,性价比不高，不值得。 真的后悔购买，太糟了！,2023-02-03
R01202,P1388,U5040,1.0,质量一般，有瑕疵。,2023-07-09
R01203,P1721,U5132,3.0,价格适中，没有惊喜。 没什么好说的，就这样吧。,2023-04-18
R01204,P1877,U5458,5.0,外观漂亮，功能齐全。,2023-09-16
R01205,P1456,U5818,2.0,不满意，不会再买。,2023-04-20
R01206,P1876,U5195,3.0,暂时没发现什么问题。,2023-07-12
R01207,P1450,U5028,5.0,家人都很喜欢，下次还会光顾。 这是第4次购买，一如既往的好！,2023-09-08
R01208,P1276,U5005,3.0,中规中矩，符合预期。,2023-11-13
R01209,P1580,U5077,2.0,有点失望，和描述不符。 有点失望，和描述不符，用用看再说,2023-02-15
R01210,P1540,U5944,,不推荐，没什么用。,2023-08-06
R01211,P1571,U5706,1.0,一次糟糕的购物体验。,2023-02-28
R01212,P1651,U5728,5.0,家人都很喜欢，下次还会光顾。,2023-09-07
R01213,P1357,U5818,4.0,性价比很高，值得拥有。 挺普通的，没什么特色，用用看再说,2023-07-21
R01214,P1855,U5735,2.0,客服很不专业，解决不了问题。,2023-06-13
R01215,P1987,U5034,3.0,暂时没发现什么问题。 性价比很高，值得拥有，简直完美，超出预期,2023-04-06
R01216,P1962,U5762,4.0,非常好，我很喜欢！,2023-07-17
R01217,P1948,U5947,5.0,外观漂亮，功能齐全。,2023-04-13
R01218,P1533,U5882,2.0,一次糟糕的购物体验。 真的后悔购买，太糟了！ 物流还算正常,2023-02-19
R01219,P1030,U5621,4.0,简直完美，超出预期。 这是第5次购买，一如既往的好！,2023-04-29
R01220,P1540,U5820,1.0,性价比不高，不值得。 差评，太差了，家人都很喜欢，下次还会光顾,2023-07-10
R01221,P1682,U5583,3.0,价格适中，没有惊喜。,2023-09-28
R01222,P1128,U5258,5.0,非常满意的一次购物，会回购的。 这是第1次购买，一如既往的好！,2023-02-01
R01223,P1788,U5258,2.0,包装破损，送货慢。,2023-07-07
R01224,P1667,U5117,4.0,客服服务态度很好，耐心解答。 这是第4次购买，一如既往的好！,2023-06-02
R01225,P1068,U5522,4.0,简直完美，超出预期。,2023-10-07
R01226,P1280,U5897,3.0,挺普通的，没什么特色。,2023-12-23
R01227,P1543,U5587,3.0,没什么特别的。 没什么好说的，就这样吧。,2023-01-10
R01228,P1664,U5073,2.0,不推荐，没什么用。 真的后悔购买，太糟了！ 一次糟糕的购物体验，家人都很喜欢，下次还会光顾,2023-04-27
R01229,P1779,U5020,4.0,质量很好，物超所值。 包装破损，送货慢，性价比不高，不值得,2023-06-04
R01230,P1936,U5343,4.0,外观漂亮，功能齐全。 这是第1次购买，一如既往的好！,2023-10-11
R01231,P1783,U5910,2.0,一次糟糕的购物体验。,2023-06-29
R01232,P1463,U5964,5.0,客服服务态度很好，耐心解答。 这是第4次购买，一如既往的好！,2023-08-10
R01233,P1911,U5012,3.0,价格适中，没有惊喜。 有点失望，和描述不符，推荐购买，效果显著,2023-07-02
R01234,P1909,U5254,2.0,一次糟糕的购物体验。,2023-05-06
R01235,P1910,U5740,4.0,非常好，我很喜欢！ 包装破损，送货慢，一般般，不算好也不算坏,2023-08-15
R01236,P1421,U5085,1.0,差评，太差了。 包装破损，送货慢,2023-09-08
R01237,P1627,U5684,1.0,外观普通，功能有问题。,2023-07-18
R01238,P1995,U5347,3.0,物流还算正常。,2023-06-18
R01239,P1373,U5727,1.0,客服很不专业，解决不了问题。 真的后悔购买，太糟了！ 中规中矩，符合预期，非常好，我很喜欢,2023-08-03
R01240,P1091,U5881,3.0,还可以吧，一般般。 还行，凑合用吧，用用看再说,2023-04-19
R01241,P1989,U5122,1.0,不满意，不会再买。 真的后悔购买，太糟了！ 物流还算正常，不推荐，没什么用,2023-03-25
R01242,P1284,U5238,5.0,家人都很喜欢，下次还会光顾。 这是第5次购买，一如既往的好！,2023-10-01
R01243,P1530,U5986,3.0,用用看再说。 没什么好说的，就这样吧。,2023-08-19
R01244,P1548,U5210,5.0,非常好，我很喜欢！ 这是第2次购买，一如既往的好！ 差评，太差了，没什么特别的,2023-04-08
R01245,P1480,U5243,1.0,外观普通，功能有问题。,2023-07-26
R01246,P1386,U5776,5.0,性价比很高，值得拥有。 这是第4次购买，一如既往的好！,2023-08-19
R01247,P1628,U5980,3.0,中规中矩，符合预期。 没什么好说的，就这样吧。,2023-07-17
R01248,P1152,U5816,2.0,差评，太差了。,2023-06-07
R01249,P1646,U5732,2.0,不满意，不会再买。 真的后悔购买，太糟了！,2023-08-17
R01250,P1766,U5380,2.0,客服很不专业，解决不了问题。,2023-04-09
R01251,P1987,U5131,3.0,一般般，不算好也不算坏。,2023-02-04
R01252,P1219,U5498,5.0,包装精美，送货速度快。 还可以吧，一般般，没什么特别的,2023-11-30
R01253,P1052,U5028,3.0,还可以吧，一般般。,2023-01-28
R01254,P1510,U5714,5.0,简直完美，超出预期。 差评，太差了，客服服务态度很好，耐心解答,2023-08-08
R01255,P1272,U5893,3.0,一般般，不算好也不算坏。 没什么好说的，就这样吧。,2023-07-28
R01256,P1819,U5707,5.0,家人都很喜欢，下次还会光顾。,2023-06-29
R01257,P1882,U5032,2.0,不推荐，没什么用。 真的后悔购买，太糟了！ 非常满意的一次购物，会回购的，差评，太差了,2023-10-06
R01258,P1365,U5546,5.0,外观漂亮，功能齐全。 这是第5次购买，一如既往的好！,2023-06-17
R01259,P1813,U5652,4.0,推荐购买，效果显著。 这是第2次购买，一如既往的好！,2023-10-10
R01260,P1575,U5867,5.0,推荐购买，效果显著。 暂时没发现什么问题,2023-07-03
R01261,P1144,U5109,2.0,一次糟糕的购物体验。 真的后悔购买，太糟了！ 非常好，我很喜欢，一次糟糕的购物体验,2023-06-16
R01262,P1732,U5905,3.0,用用看再说。,2023-08-09
R01263,P1084,U5490,3.0,一般般，不算好也不算坏。,2023-06-07
R01264,P1948,U5266,,非常满意的一次购物，会回购的。 这是第5次购买，一如既往的好！,2023-07-15
R01265,P1409,U5937,1.0,质量一般，有瑕疵。 真的后悔购买，太糟了！ 中规中矩，符合预期，还可以吧，一般般,2023-08-25
R01266,P1995,,2.0,,2023-09-10
R01267,P1719,U5541,2.0,质量一般，有瑕疵。 真的后悔购买，太糟了！ 一般般，不算好也不算坏,2023-11-04
R01268,P1569,U5515,2.0,不满意，不会再买。,2023-06-11
R01269,P1546,U5743,5.0,质量很好，物超所值。,2023-02-23
R01270,P1111,U5454,5.0,质量很好，物超所值。 这是第2次购买，一如既往的好！,2023-01-24
R01271,P1314,U5305,1.0,有点失望，和描述不符。 真的后悔购买，太糟了！ 没什么特别的,2023-02-17
R01272,P1356,U5029,5.0,质量很好，物超所值。,2023-07-31
R01273,P1392,U5407,2.0,不满意，不会再买。 真的后悔购买，太糟了！,2023-02-07
R01274,P1395,U5913,2.0,一次糟糕的购物体验。 挺普通的，没什么特色,2023-08-10
R01275,P1771,U5662,5.0,推荐购买，效果显著。 这是第3次购买，一如既往的好！,2023-01-21
R01276,P1007,U5470,3.0,挺普通的，没什么特色。,2023-03-15
R01277,P1211,U5896,1.0,不满意，不会再买。,2023-03-05
R01278,P1688,U5006,1.0,不满意，不会再买。,2023-08-23
R01279,P1199,U5827,5.0,非常好，我很喜欢！ 这是第5次购买，一如既往的好！,2023-03-05
R01280,P1841,U5524,1.0,不满意，不会再买。,2023-06-11
R01281,P1062,U5497,4.0,性价比很高，值得拥有。,2023-10-26
R01282,P1666,U5193,,家人都很喜欢，下次还会光顾。 这是第5次购买，一如既往的好！,2023-05-12
R01283,P1805,U5233,2.0,一次糟糕的购物体验。 真的后悔购买，太糟了！,2023-02-03
R01284,P1598,U5716,5.0,客服服务态度很好，耐心解答。 非常好，我很喜欢,2023-11-03
R01285,P1452,U5996,1.0,质量一般，有瑕疵。,2023-09-14
R01286,P1553,U5940,1.0,质量一般，有瑕疵。 价格适中，没有惊喜,2023-08-13
R01287,P1564,U5222,2.0,包装破损，送货慢。 真的后悔购买，太糟了！,2023-03-15
R01288,P1805,U5712,5.0,简直完美，超出预期。 这是第4次购买，一如既往的好！ 客服很不专业，解决不了问题，质量一般，有瑕疵,2023-08-13
R01289,P1209,U5055,4.0,性价比很高，值得拥有。 这是第1次购买，一如既往的好！ 客服很不专业，解决不了问题,2023-12-14
R01290,P1597,U5969,5.0,外观漂亮，功能齐全。,2023-12-17
R01291,P1674,U5548,4.0,非常满意的一次购物，会回购的。 这是第1次购买，一如既往的好！,2023-10-17
R01292,P1421,U5610,4.0,包装精美，送货速度快。,2023-04-23
R01293,P1333,U5449,4.0,非常好，我很喜欢！ 这是第5次购买，一如既往的好！,2023-06-14
R01294,P1754,U5781,1.0,质量一般，有瑕疵。 真的后悔购买，太糟了！,2023-09-05
R01295,P1603,U5604,4.0,外观漂亮，功能齐全。 简直完美，超出预期，推荐购买，效果显著,2023-04-30
R01296,P1894,U5168,3.0,一般般，不算好也不算坏。 没什么好说的，就这样吧。 物流还算正常,2023-05-29
R01297,P1641,U5452,3.0,物流还算正常。 没什么好说的，就这样吧。 没什么特别的,2023-03-07
R01298,P1614,U5847,5.0,质量很好，物超所值。 外观漂亮，功能齐全，非常满意的一次购物，会回购的,2023-02-06
R01299,P1182,U5066,2.0,差评，太差了。 质量很好，物超所值,2023-02-25
R01300,P1208,U5113,4.0,推荐购买，效果显著。 客服服务态度很好，耐心解答，质量一般，有瑕疵,2023-04-30
R01301,P1354,U5840,2.0,包装破损，送货慢。 没什么特别的，简直完美，超出预期,2023-11-17
R01302,P1870,U5409,5.0,客服服务态度很好，耐心解答。 这是第2次购买，一如既往的好！,2023-05-16
R01303,P1618,U5664,1.0,不推荐，没什么用。,2023-06-18
R01304,P1760,U5099,3.0,暂时没发现什么问题。 没什么好说的，就这样吧。,2023-02-23
R01305,P1978,U5076,1.0,差评，太差了。,2023-11-10
R01306,P1445,U5432,4.0,,2023-08-30
R01307,P1762,U5518,3.0,挺普通的，没什么特色。 没什么特别的,2023-09-26
R01308,P1273,U5703,2.0,不推荐，没什么用。,2023-03-07
R01309,P1748,U5642,3.0,还行，凑合用吧。,2023-12-30
R01310,P1934,U5284,5.0,家人都很喜欢，下次还会光顾。 这是第1次购买，一如既往的好！ 家人都很喜欢，下次还会光顾，性价比很高，值得拥有,2023-10-25
R01311,P1013,U5827,1.0,质量一般，有瑕疵。,2023-09-27
R01312,P1985,U5831,1.0,包装破损，送货慢。 真的后悔购买，太糟了！,2023-01-07
R01313,P1440,U5493,3.0,中规中矩，符合预期。,2023-03-05
R01314,P1357,U5178,3.0,一般般，不算好也不算坏。,2023-02-07
R01315,P1337,U5449,,家人都很喜欢，下次还会光顾。 这是第5次购买，一如既往的好！,2023-12-04
R01316,P1514,U5112,4.0,包装精美，送货速度快。 价格适中，没有惊喜,2023-05-26
R01317,P1272,U5613,1.0,,2023-09-16
R01318,P1998,U5008,3.0,挺普通的，没什么特色。 客服服务态度很好，耐心解答,2023-05-11
R01319,P1233,U5245,3.0,用用看再说。 外观漂亮，功能齐全，性价比不高，不值得,2023-10-02
R01320,P1279,U5271,4.0,包装精美，送货速度快。 包装破损，送货慢,2023-03-30
R01321,P1178,U5319,3.0,   ,2023-02-12
R01322,P1638,U5386,2.0,不满意，不会再买。 真的后悔购买，太糟了！,2023-06-10
R01323,P1833,U5288,3.0,没什么特别的。,2023-04-23
R01324,P1566,U5146,5.0,质量很好，物超所值。 这是第3次购买，一如既往的好！ 一般般，不算好也不算坏，暂时没发现什么问题,2023-07-02
R01325,P1202,U5928,4.0,简直完美，超出预期。,2023-02-12
R01326,P1805,U5439,2.0,一次糟糕的购物体验。 真的后悔购买，太糟了！,2023-06-26
R01327,P1667,U5021,1.0,不推荐，没什么用。 真的后悔购买，太糟了！,2023-02-02
R01328,P1315,U5038,3.0,还可以吧，一般般。,2023-10-21
R01329,P1205,U5736,4.0,包装精美，送货速度快。 这是第5次购买，一如既往的好！ 价格适中，没有惊喜，一次糟糕的购物体验,2023-06-14
R01330,P1872,U5458,5.0,质量很好，物超所值。 这是第5次购买，一如既往的好！,2023-11-29
R01331,P1696,U5311,2.0,性价比不高，不值得。,2023-12-07
R01332,P1150,U5850,1.0,差评，太差了。 真的后悔购买，太糟了！,2023-08-18
R01333,P1237,U5970,3.0,一般般，不算好也不算坏。 没什么好说的，就这样吧。,2023-12-26
R01334,P1760,U5805,1.0,性价比不高，不值得。 真的后悔购买，太糟了！,2023-02-25
R01335,P1172,U5392,3.0,没什么特别的。,2023-03-15
R01336,P1014,U5551,2.0,质量一般，有瑕疵。,2023-12-17
R01337,P1081,U5481,5.0,外观漂亮，功能齐全。,2023-07-25
R01338,P1184,,2.0,一次糟糕的购物体验。,2023-09-04
R01339,P1000,U5792,5.0,简直完美，超出预期。 这是第1次购买，一如既往的好！,2023-01-20
R01340,P1993,U5485,5.0,非常满意的一次购物，会回购的。 这是第2次购买，一如既往的好！,2023-06-25
R01341,P1705,U5772,4.0,推荐购买，效果显著。 简直完美，超出预期，差评，太差了,2023-08-10
R01342,P1241,U5348,1.0,一次糟糕的购物体验。 真的后悔购买，太糟了！ 没什么特别的，一次糟糕的购物体验,2023-02-22
R01343,P1141,U5258,5.0,包装精美，送货速度快。 没什么特别的,2023-06-13
R01344,P1987,U5642,3.0,暂时没发现什么问题。 客服服务态度很好，耐心解答，中规中矩，符合预期,2023-08-17
R01345,P1764,U5583,2.0,客服很不专业，解决不了问题。 家人都很喜欢，下次还会光顾,2023-06-26
R01346,P1134,U5784,2.0,一次糟糕的购物体验。,2023-09-06
R01347,P1596,U5776,1.0,一次糟糕的购物体验。 非常好，我很喜欢,2023-04-03
R01348,P1924,U5729,3.0,没什么特别的。 没什么好说的，就这样吧。 外观漂亮，功能齐全,2023-12-27
R01349,P1721,U5368,1.0,外观普通，功能有问题。,2023-02-05
R01350,P1199,U5729,1.0,包装破损，送货慢。,2023-12-10
R01351,P1827,U5775,5.0,性价比很高，值得拥有。 非常满意的一次购物，会回购的,2023-04-21
R01352,P1780,U5149,1.0,差评，太差了。,2023-10-16
R01353,P1521,U5074,4.0,非常好，我很喜欢！ 这是第1次购买，一如既往的好！,2023-05-03
R01354,P1727,U5572,5.0,家人都很喜欢，下次还会光顾。,2023-09-27
R01355,P1136,U5408,1.0,外观普通，功能有问题。 有点失望，和描述不符，客服很不专业，解决不了问题,2023-08-13
R01356,P1908,U5782,2.0,外观普通，功能有问题。 真的后悔购买，太糟了！,2023-09-07
R01357,P1967,U5030,5.0,性价比很高，值得拥有。 这是第2次购买，一如既往的好！,2023-06-26
R01358,P1560,U5846,3.0,没什么特别的。 有点失望，和描述不符，用用看再说,2023-07-04
R01359,P1677,U5287,3.0,没什么特别的。,2023-08-30
R01360,P1180,U5043,3.0,用用看再说。 家人都很喜欢，下次还会光顾,2023-10-31
R01361,P1445,U5764,5.0,质量很好，物超所值。,2023-11-06
R01362,P1014,U5521,2.0,性价比不高，不值得。 包装精美，送货速度快,2023-11-21
R01363,P1494,U5688,2.0,外观普通，功能有问题。 真的后悔购买，太糟了！,2023-09-05
R01364,P1478,U5497,3.0,用用看再说。 没什么好说的，就这样吧。,2023-02-08
R01365,P1728,U5071,2.0,外观普通，功能有问题。,2023-08-24
R01366,P1168,U5385,3.0,没什么特别的。 没什么好说的，就这样吧。,2023-11-21
R01367,P1313,U5430,2.0,包装破损，送货慢。 质量很好，物超所值，一般般，不算好也不算坏,2023-08-09
R01368,P1223,U5601,2.0,差评，太差了。 真的后悔购买，太糟了！ 不满意，不会再买,2023-04-16
R01369,P1706,U5942,3.0,还可以吧，一般般。 一次糟糕的购物体验，包装破损，送货慢,2023-09-23
R01370,P1548,U5482,3.0,中规中矩，符合预期。 性价比不高，不值得,2023-04-17
R01371,P1333,U5649,2.0,差评，太差了。 真的后悔购买，太糟了！ 有点失望，和描述不符,2023-04-26
R01372,P1098,U5142,3.0,还可以吧，一般般。 没什么好说的，就这样吧。,2023-03-20
R01373,P1189,U5920,4.0,非常好，我很喜欢！ 这是第2次购买，一如既往的好！ 一次糟糕的购物体验，一次糟糕的购物体验,2023-05-18
R01374,P1025,U5890,4.0,推荐购买，效果显著。,2023-10-20
R01375,P1720,U5973,2.0,外观普通，功能有问题。 性价比很高，值得拥有，还行，凑合用吧,2023-08-10
R01376,P1070,U5909,3.0,中规中矩，符合预期。,2023-05-04
R01377,P1384,U5680,2.0,不推荐，没什么用。 真的后悔购买，太糟了！,2023-07-27
R01378,P1415,U5958,5.0,非常好，我很喜欢！ 这是第1次购买，一如既往的好！ 推荐购买，效果显著,2023-08-14
R01379,P1260,U5935,4.0,客服服务态度很好，耐心解答。 还行，凑合用吧,2023-12-12
R01380,P1502,U5019,4.0,推荐购买，效果显著。,2023-10-09
R01381,P1393,U5947,3.0,一般般，不算好也不算坏。 包装破损，送货慢，没什么特别的,2023-09-18
R01382,P1238,U5259,2.0,有点失望，和描述不符。 真的后悔购买，太糟了！,2023-09-20
R01383,P1674,U5017,1.0,性价比不高，不值得。,2023-12-17
R01384,P1469,U5553,1.0,外观普通，功能有问题。,2023-11-19
R01385,P1514,U5155,4.0,推荐购买，效果显著。,2023-05-05
R01386,P1344,U5613,1.0,差评，太差了。,2023-07-26
R01387,P1569,U5647,4.0,简直完美，超出预期。,2023-12-12
R01388,P1587,U5295,4.0,非常满意的一次购物，会回购的。,2023-03-06
R01389,P1825,U5914,4.0,外观漂亮，功能齐全。 质量一般，有瑕疵,2023-10-05
R01390,P1494,U5354,4.0,家人都很喜欢，下次还会光顾。,2023-07-13
R01391,P1691,U5963,2.0,有点失望，和描述不符。 真的后悔购买，太糟了！ 简直完美，超出预期，非常好，我很喜欢,2023-11-21
R01392,P1755,U5980,4.0,性价比很高，值得拥有。,2023-05-10
R01393,P1271,U5689,2.0,外观普通，功能有问题。,2023-05-13
R01394,P1941,U5298,2.0,有点失望，和描述不符。,2023-07-09
R01395,P1109,U5831,4.0,非常满意的一次购物，会回购的。 包装破损，送货慢，非常满意的一次购物，会回购的,2023-05-27
R01396,P1296,U5571,4.0,简直完美，超出预期。 一次糟糕的购物体验,2023-10-28
R01397,P1368,U5234,4.0,家人都很喜欢，下次还会光顾。 这是第1次购买，一如既往的好！,2023-08-05
R01398,P1160,U5757,3.0,用用看再说。,2023-12-23
R01399,P1757,U5356,4.0,包装精美，送货速度快。 这是第3次购买，一如既往的好！ 客服服务态度很好，耐心解答,2023-07-22
R01400,P1040,U5172,1.0,不推荐，没什么用。 外观普通，功能有问题,2023-11-21
R01401,P1084,U5564,4.0,客服服务态度很好，耐心解答。,2023-09-18
R01402,P1148,U5030,5.0,性价比很高，值得拥有。 一次糟糕的购物体验，一次糟糕的购物体验,2023-06-01
R01403,P1439,U5255,1.0,外观普通，功能有问题。 真的后悔购买，太糟了！,2023-04-19
R01404,P1557,U5278,4.0,简直完美，超出预期。,2023-06-28
R01405,P1961,U5485,2.0,差评，太差了。 真的后悔购买，太糟了！,2023-07-21
R01406,P1550,U5527,2.0,不推荐，没什么用。 还行，凑合用吧，不满意，不会再买,2023-12-14
R01407,P1111,U5327,1.0,包装破损，送货慢。 简直完美，超出预期，家人都很喜欢，下次还会光顾,2023-05-02
R01408,P1230,U5009,4.0,推荐购买，效果显著。 外观漂亮，功能齐全，用用看再说,2023-04-27
R01409,P1343,U5633,2.0,客服很不专业，解决不了问题。 真的后悔购买，太糟了！,2023-07-13
R01410,P1515,U5155,2.0,差评，太差了。 真的后悔购买，太糟了！,2023-03-13
R01411,P1254,U5138,1.0,性价比不高，不值得。 真的后悔购买，太糟了！,2023-09-10
R01412,P1185,U5148,5.0,非常好，我很喜欢！ 这是第2次购买，一如既往的好！,2023-07-10
R01413,P1677,U5721,3.0,物流还算正常。 没什么好说的，就这样吧。 一般般，不算好也不算坏,2023-05-22
R01414,P1797,U5957,3.0,还行，凑合用吧。 有点失望，和描述不符，还行，凑合用吧,2023-04-06
R01415,P1003,U5405,3.0,中规中矩，符合预期。 没什么好说的，就这样吧。,2023-10-17
R01416,P1373,U5363,3.0,用用看再说。 没什么好说的，就这样吧。 物流还算正常，没什么特别的,2023-08-06
R01417,P1608,U5766,1.0,差评，太差了。,2023-07-13
R01418,P1104,U5901,,价格适中，没有惊喜。,2023-08-18
R01419,P1829,U5124,4.0,质量很好，物超所值。 这是第1次购买，一如既往的好！,2023-09-29
R01420,P1898,U5120,1.0,不满意，不会再买。,2023-07-26
R01421,P1790,U5989,4.0,客服服务态度很好，耐心解答。 非常好，我很喜欢，外观漂亮，功能齐全,2023-05-25
R01422,P1257,U5940,5.0,性价比很高，值得拥有。 这是第1次购买，一如既往的好！,2023-01-22
R01423,P1324,U5553,3.0,价格适中，没有惊喜。 没什么好说的，就这样吧。 价格适中，没有惊喜，客服很不专业，解决不了问题,2023-04-13
R01424,P1408,U5566,3.0,还可以吧，一般般。 没什么好说的，就这样吧。,2023-05-08
R01425,P1372,U5510,2.0,不满意，不会再买。 真的后悔购买，太糟了！,2023-11-18
R01426,P1929,U5355,3.0,挺普通的，没什么特色。 没什么好说的，就这样吧。,2023-12-04
R01427,P1504,U5716,1.0,性价比不高，不值得。,2023-08-25
R01428,P1558,U5713,2.0,质量一般，有瑕疵。 真的后悔购买，太糟了！,2023-06-26
R01429,P1273,U5655,3.0,中规中矩，符合预期。,2023-10-21
R01430,P1629,U5526,4.0,简直完美，超出预期。 包装破损，送货慢，还可以吧，一般般,2023-05-21
R01431,P1781,U5748,2.0,质量一般，有瑕疵。,2023-12-10
R01432,P1429,U5630,5.0,家人都很喜欢，下次还会光顾。,2023-10-16
R01433,P1227,U5310,3.0,一般般，不算好也不算坏。 没什么好说的，就这样吧。,2023-01-04
R01434,P1973,U5445,5.0,包装精美，送货速度快。 这是第3次购买，一如既往的好！,2023-01-01
R01435,P1992,U5605,5.0,包装精美，送货速度快。 中规中矩，符合预期,2023-04-06
R01436,P1463,U5854,2.0,不推荐，没什么用。,2023-07-03
R01437,P1056,U5944,3.0,,2023-12-11
R01438,P1924,U5673,2.0,性价比不高，不值得。,2023-12-03
R01439,P1481,U5120,2.0,不满意，不会再买。 外观普通，功能有问题,2023-07-26
R01440,P1456,U5086,4.0,性价比很高，值得拥有。,2023-09-04
R01441,P1862,U5915,4.0,性价比很高，值得拥有。,2023-04-07
R01442,P1811,U5551,2.0,一次糟糕的购物体验。,2023-12-08
R01443,P1328,U5123,5.0,包装精美，送货速度快。,2023-09-02
R01444,P1337,U5692,3.0,暂时没发现什么问题。 质量一般，有瑕疵,2023-10-19
R01445,P1083,U5699,3.0,挺普通的，没什么特色。,2023-11-10
R01446,P1730,U5821,4.0,性价比很高，值得拥有。,2023-01-09
R01447,P1900,U5892,2.0,不满意，不会再买。 一次糟糕的购物体验，质量一般，有瑕疵,2023-11-16
R01448,P1133,U5615,1.0,客服很不专业，解决不了问题。,2023-12-22
R01449,P1775,U5035,5.0,包装精美，送货速度快。,2023-10-03
R01450,P1539,U5008,3.0,还可以吧，一般般。 没什么好说的，就这样吧。 用用看再说,2023-08-16
R01451,P1266,U5236,4.0,非常满意的一次购物，会回购的。,2023-01-14
R01452,P1717,U5250,4.0,推荐购买，效果显著。 包装破损，送货慢，还行，凑合用吧,2023-10-25
R01453,P1463,U5900,5.0,简直完美，超出预期。 有点失望，和描述不符，没什么特别的,2023-07-09
R01454,P1993,U5181,2.0,不推荐，没什么用。 真的后悔购买，太糟了！,2023-06-25
R01455,P1993,U5959,2.0,质量一般，有瑕疵。 中规中矩，符合预期，客服很不专业，解决不了问题,2023-10-11
R01456,P1451,U5557,1.0,不推荐，没什么用。 有点失望，和描述不符,2023-12-02
R01457,P1357,U5088,1.0,有点失望，和描述不符。,2023-11-14
R01458,P1570,U5043,4.0,家人都很喜欢，下次还会光顾。 外观普通，功能有问题，挺普通的，没什么特色,2023-11-07
R01459,P1089,,1.0,有点失望，和描述不符。 中规中矩，符合预期，非常好，我很喜欢,2023-11-19
R01460,P1773,U5611,1.0,外观普通，功能有问题。 真的后悔购买，太糟了！ 性价比很高，值得拥有,2023-07-01
R01461,P1600,U5413,2.0,质量一般，有瑕疵。 真的后悔购买，太糟了！,2023-09-16
R01462,P1777,U5951,1.0,包装破损，送货慢。 真的后悔购买，太糟了！ 价格适中，没有惊喜，简直完美，超出预期,2023-10-29
R01463,P1089,U5885,1.0,差评，太差了。 真的后悔购买，太糟了！ 有点失望，和描述不符,2023-02-10
R01464,P1663,U5391,4.0,包装精美，送货速度快。 这是第3次购买，一如既往的好！,2023-09-11
R01465,P1739,U5723,3.0,还行，凑合用吧。 非常满意的一次购物，会回购的,2023-07-31
R01466,P1811,U5819,4.0,质量很好，物超所值。 还行，凑合用吧，物流还算正常,2023-05-13
R01467,P1284,U5240,5.0,外观漂亮，功能齐全。 推荐购买，效果显著，家人都很喜欢，下次还会光顾,2023-07-31
R01468,P1324,U5191,,不推荐，没什么用。,2023-06-07
R01469,P1707,U5713,2.0,有点失望，和描述不符。 真的后悔购买，太糟了！,2023-05-18
R01470,P1984,U5921,4.0,,2023-12-20
R01471,P1016,U5794,5.0,非常好，我很喜欢！ 还可以吧，一般般，不满意，不会再买,2023-09-04
R01472,P1706,U5557,3.0,还可以吧，一般般。,2023-02-18
R01473,P1415,U5298,5.0,外观漂亮，功能齐全。 客服很不专业，解决不了问题，没什么特别的,2023-01-21
R01474,P1820,U5753,3.0,用用看再说。 没什么好说的，就这样吧。,2023-03-17
R01475,P1315,U5239,4.0,非常好，我很喜欢！ 这是第5次购买，一如既往的好！,2023-11-14
R01476,P1984,U5017,3.0,用用看再说。 没什么好说的，就这样吧。 包装精美，送货速度快,2023-02-15
R01477,P1582,U5389,2.0,客服很不专业，解决不了问题。 一般般，不算好也不算坏,2023-05-28
R01478,P1341,U5888,4.0,性价比很高，值得拥有。,2023-08-20
R01479,P1896,U5917,2.0,外观普通，功能有问题。,2023-07-20
R01480,P1507,U5492,4.0,性价比很高，值得拥有。 非常满意的一次购物，会回购的,2023-03-29
R01481,P1892,U5903,1.0,一次糟糕的购物体验。 不满意，不会再买，用用看再说,2023-07-04
R01482,P1414,U5653,,性价比不高，不值得。 真的后悔购买，太糟了！,2023-05-17
R01483,P1782,U5970,2.0,外观普通，功能有问题。 真的后悔购买，太糟了！,2023-05-24
R01484,P1617,U5255,2.0,一次糟糕的购物体验。 一次糟糕的购物体验,2023-12-22
R01485,P1403,U5675,3.0,挺普通的，没什么特色。,2023-04-24
R01486,P1429,U5678,4.0,简直完美，超出预期。 这是第3次购买，一如既往的好！ 包装精美，送货速度快，家人都很喜欢，下次还会光顾,2023-10-04
R01487,P1606,U5359,4.0,性价比很高，值得拥有。 这是第2次购买，一如既往的好！,2023-03-30
R01488,P1790,U5550,4.0,,2023-09-29
R01489,P1779,U5223,2.0,包装破损，送货慢。,2023-07-27
R01490,P1825,U5189,5.0,推荐购买，效果显著。 物流还算正常,2023-05-22
R01491,P1824,U5985,1.0,性价比不高，不值得。 真的后悔购买，太糟了！,2023-09-21
R01492,P1548,U5455,1.0,质量一般，有瑕疵。,2023-12-30
R01493,P1646,U5530,4.0,推荐购买，效果显著。 挺普通的，没什么特色，一般般，不算好也不算坏,2023-01-27
R01494,P1196,U5856,2.0,差评，太差了。 真的后悔购买，太糟了！,2023-02-26
R01495,P1859,U5032,3.0,暂时没发现什么问题。 没什么好说的，就这样吧。,2023-04-15
R01496,P1044,U5328,,不推荐，没什么用。 真的后悔购买，太糟了！ 客服很不专业，解决不了问题,2023-06-07
R01497,P1972,U5300,4.0,非常满意的一次购物，会回购的。,2023-07-08
R01498,P1234,U5965,1.0,一次糟糕的购物体验。 真的后悔购买，太糟了！,2023-01-26
R01499,P1863,U5846,2.0,客服很不专业，解决不了问题。,2023-02-21
R01500,P1526,U5284,3.0,还可以吧，一般般。,2023-07-17
R01501,P1947,U5020,1.0,性价比不高，不值得。,2023-02-16
R01502,P1357,U5351,5.0,推荐购买，效果显著。 客服服务态度很好，耐心解答,2023-01-11
R01503,P1181,U5940,2.0,一次糟糕的购物体验。,2023-11-30
R01504,P1807,U5237,1.0,客服很不专业，解决不了问题。 真的后悔购买，太糟了！,2023-02-26
R01505,P1196,U5973,5.0,包装精美，送货速度快。 这是第1次购买，一如既往的好！ 暂时没发现什么问题,2023-07-03
R01506,P1932,U5149,1.0,外观普通，功能有问题。 没什么特别的,2023-08-18
R01507,P1656,U5734,3.0,没什么特别的。,2023-11-14
R01508,P1263,U5379,3.0,价格适中，没有惊喜。 非常满意的一次购物，会回购的，暂时没发现什么问题,2023-11-13
R01509,P1347,U5178,5.0,客服服务态度很好，耐心解答。 这是第5次购买，一如既往的好！,2023-10-06
R01510,P1015,U5028,4.0,简直完美，超出预期。 这是第2次购买，一如既往的好！,2023-07-01
R01511,P1412,U5210,1.0,客服很不专业，解决不了问题。,2023-04-03
R01512,P1410,U5124,5.0,简直完美，超出预期。 这是第4次购买，一如既往的好！,2023-10-09
R01513,P1390,U5000,5.0,非常好，我很喜欢！ 质量很好，物超所值，一般般，不算好也不算坏,2023-11-25
R01514,P1076,U5109,1.0,客服很不专业，解决不了问题。,2023-02-20
R01515,P1357,U5836,1.0,外观普通，功能有问题。,2023-11-26
R01516,P1583,U5750,5.0,推荐购买，效果显著。 客服服务态度很好，耐心解答,2023-09-16
R01517,P1746,U5788,3.0,还可以吧，一般般。 没什么好说的，就这样吧。,2023-07-06
R01518,P1472,U5186,5.0,质量很好，物超所值。 这是第5次购买，一如既往的好！ 家人都很喜欢，下次还会光顾,2023-07-26
R01519,P1876,U5923,2.0,有点失望，和描述不符。,2023-08-05
R01520,P1838,U5555,4.0,性价比很高，值得拥有。 这是第2次购买，一如既往的好！ 性价比不高，不值得,2023-12-29
R01521,P1144,U5566,5.0,推荐购买，效果显著。 用用看再说,2023-04-28
R01522,P1277,U5810,4.0,家人都很喜欢，下次还会光顾。 这是第4次购买，一如既往的好！,2023-02-02
R01523,P1879,U5444,1.0,一次糟糕的购物体验。,2023-10-20
R01524,P1021,U5761,1.0,包装破损，送货慢。 真的后悔购买，太糟了！ 包装破损，送货慢，一次糟糕的购物体验,2023-02-26
R01525,P1551,U5216,3.0,中规中矩，符合预期。 质量一般，有瑕疵，还行，凑合用吧,2023-09-16
R01526,P1967,U5541,5.0,推荐购买，效果显著。,2023-05-29
R01527,P1397,U5053,1.0,一次糟糕的购物体验。,2023-04-17
R01528,P1154,U5058,2.0,质量一般，有瑕疵。 挺普通的，没什么特色，还可以吧，一般般,2023-10-29
R01529,P1245,U5614,2.0,外观普通，功能有问题。,2023-02-20
R01530,P1691,U5154,5.0,非常满意的一次购物，会回购的。,2023-07-17
R01531,P1555,U5291,1.0,差评，太差了。 不满意，不会再买,2023-06-19
R01532,P1981,U5540,1.0,包装破损，送货慢。 真的后悔购买，太糟了！ 外观漂亮，功能齐全，外观漂亮，功能齐全,2023-05-05
R01533,P1509,U5758,4.0,外观漂亮，功能齐全。 这是第4次购买，一如既往的好！,2023-01-25
R01534,P1550,U5576,4.0,质量很好，物超所值。 这是第2次购买，一如既往的好！,2023-06-04
R01535,P1841,U5472,1.0,不推荐，没什么用。 还可以吧，一般般，还行，凑合用吧,2023-05-30
R01536,P1095,U5284,3.0,暂时没发现什么问题。 暂时没发现什么问题,2023-10-23
R01537,P1757,U5152,4.0,,2023-03-02
R01538,P1015,U5425,1.0,客服很不专业，解决不了问题。 非常满意的一次购物，会回购的，用用看再说,2023-03-17
R01539,P1921,U5039,4.0,外观漂亮，功能齐全。 这是第3次购买，一如既往的好！ 包装精美，送货速度快，非常满意的一次购物，会回购的,2023-06-24
R01540,P1586,U5265,5.0,家人都很喜欢，下次还会光顾。 这是第4次购买，一如既往的好！ 用用看再说,2023-05-05
R01541,P1974,U5254,5.0,包装精美，送货速度快。 客服服务态度很好，耐心解答,2023-07-13
R01542,P1758,U5575,4.0,质量很好，物超所值。 这是第2次购买，一如既往的好！,2023-03-22
R01543,P1430,U5124,4.0,客服服务态度很好，耐心解答。,2023-01-31
R01544,P1904,U5998,5.0,外观漂亮，功能齐全。 这是第4次购买，一如既往的好！ 不推荐，没什么用，挺普通的，没什么特色,2023-08-18
R01545,P1040,U5388,4.0,包装精美，送货速度快。,2023-10-20
R01546,P1187,U5067,4.0,性价比很高，值得拥有。,2023-01-20
R01547,P1524,U5637,4.0,包装精美，送货速度快。 这是第5次购买，一如既往的好！,2023-04-17
R01548,P1855,U5870,3.0,用用看再说。 没什么好说的，就这样吧。 客服很不专业，解决不了问题,2023-06-01
R01549,P1156,U5098,2.0,不满意，不会再买。 真的后悔购买，太糟了！,2023-02-10
R01550,P1429,U5390,1.0,,2023-04-14
R01551,P1811,U5294,1.0,质量一般，有瑕疵。 真的后悔购买，太糟了！ 价格适中，没有惊喜，差评，太差了,2023-04-28
R01552,P1967,U5602,1.0,不满意，不会再买。,2023-01-01
R01553,P1108,U5860,1.0,有点失望，和描述不符。 中规中矩，符合预期,2023-02-18
R01554,P1193,U5028,3.0,中规中矩，符合预期。 没什么好说的，就这样吧。,2023-01-15
R01555,P1781,U5638,3.0,物流还算正常。,2023-05-09
R01556,P1683,U5144,3.0,物流还算正常。,2023-03-26
R01557,P1589,U5166,5.0,质量很好，物超所值。 不推荐，没什么用，还行，凑合用吧,2023-02-28
R01558,P1480,U5995,1.0,性价比不高，不值得。 真的后悔购买，太糟了！,2023-12-09
R01559,P1778,U5906,4.0,非常好，我很喜欢！,2023-06-24
R01560,P1480,U5310,4.0,非常满意的一次购物，会回购的。 不满意，不会再买，包装精美，送货速度快,2023-05-29
R01561,P1704,U5518,3.0,价格适中，没有惊喜。 包装精美，送货速度快，性价比不高，不值得,2023-11-16
R01562,P1638,U5017,2.0,一次糟糕的购物体验。 包装精美，送货速度快，还行，凑合用吧,2023-07-26
R01563,P1157,U5469,3.0,物流还算正常。 没什么好说的，就这样吧。 有点失望，和描述不符，差评，太差了,2023-09-18
R01564,P1799,U5381,4.0,家人都很喜欢，下次还会光顾。 这是第1次购买，一如既往的好！,2023-06-10
R01565,P1001,U5194,1.0,包装破损，送货慢。,2023-04-17
R01566,P1753,U5403,2.0,外观普通，功能有问题。,2023-07-07
R01567,P1972,U5276,3.0,暂时没发现什么问题。,2023-08-01
R01568,P1882,U5660,2.0,一次糟糕的购物体验。 真的后悔购买，太糟了！,2023-05-30
R01569,P1854,U5030,2.0,差评，太差了。 真的后悔购买，太糟了！,2023-12-11
R01570,P1223,U5031,1.0,差评，太差了。 真的后悔购买，太糟了！,2023-12-15
R01571,P1969,U5551,4.0,简直完美，超出预期。 一次糟糕的购物体验，客服很不专业，解决不了问题,2023-09-03
R01572,P1818,U5709,3.0,挺普通的，没什么特色。 没什么好说的，就这样吧。 暂时没发现什么问题，不满意，不会再买,2023-11-05
R01573,P1429,U5676,3.0,中规中矩，符合预期。 没什么好说的，就这样吧。 质量一般，有瑕疵，非常满意的一次购物，会回购的,2023-01-13
R01574,P1421,U5690,2.0,客服很不专业，解决不了问题。 真的后悔购买，太糟了！ 包装破损，送货慢，不推荐，没什么用,2023-02-04
R01575,P1748,U5693,5.0,推荐购买，效果显著。 暂时没发现什么问题，差评，太差了,2023-01-26
R01576,P1512,U5934,5.0,简直完美，超出预期。,2023-07-31
R01577,P1088,U5311,5.0,推荐购买，效果显著。,2023-10-23
R01578,P1982,U5746,4.0,,2023-07-14
R01579,P1317,U5364,5.0,性价比很高，值得拥有。,2023-01-14
R01580,P1539,U5547,5.0,外观漂亮，功能齐全。 家人都很喜欢，下次还会光顾，不满意，不会再买,2023-01-09
R01581,P1101,U5113,4.0,质量很好，物超所值。,2023-01-17
R01582,P1199,U5217,2.0,外观普通，功能有问题。 不推荐，没什么用，有点失望，和描述不符,2023-12-09
R01583,P1708,U5050,2.0,有点失望，和描述不符。 客服服务态度很好，耐心解答，还行，凑合用吧,2023-07-07
R01584,P1830,U5089,4.0,外观漂亮，功能齐全。,2023-08-13
R01585,P1262,U5495,4.0,外观漂亮，功能齐全。 这是第1次购买，一如既往的好！,2023-10-06
R01586,P1197,U5999,5.0,简直完美，超出预期。,2023-12-23
R01587,P1838,U5716,5.0,家人都很喜欢，下次还会光顾。 这是第2次购买，一如既往的好！ 价格适中，没有惊喜,2023-01-01
R01588,P1338,U5297,2.0,包装破损，送货慢。 一次糟糕的购物体验,2023-03-02
R01589,P1333,U5638,4.0,质量很好，物超所值。,2023-11-30
R01590,P1724,U5552,5.0,家人都很喜欢，下次还会光顾。 还可以吧，一般般,2023-11-01
R01591,P1830,U5454,1.0,性价比不高，不值得。 性价比不高，不值得,2023-07-23
R01592,P1106,U5068,4.0,性价比很高，值得拥有。,2023-08-24
R01593,P1490,U5969,1.0,客服很不专业，解决不了问题。,2023-02-19
R01594,P1417,U5319,2.0,包装破损，送货慢。 差评，太差了,2023-07-03
R01595,P1801,U5710,3.0,价格适中，没有惊喜。 没什么好说的，就这样吧。 一般般，不算好也不算坏，不满意，不会再买,2023-05-10
R01596,P1528,U5070,5.0,外观漂亮，功能齐全。 外观普通，功能有问题,2023-06-02
R01597,P1659,U5989,5.0,质量很好，物超所值。,2023-03-29
R01598,P1449,U5966,1.0,不满意，不会再买。 性价比很高，值得拥有,2023-04-07
R01599,P1950,U5264,2.0,不满意，不会再买。,2023-09-18
R01600,P1499,U5663,5.0,外观漂亮，功能齐全。,2023-01-26
R01601,P1195,U5667,1.0,外观普通，功能有问题。 真的后悔购买，太糟了！,2023-01-10
R01602,P1987,U5773,5.0,,2023-04-22
R01603,P1252,U5956,5.0,质量很好，物超所值。 暂时没发现什么问题,2023-09-29
R01604,P1583,U5067,4.0,非常满意的一次购物，会回购的。 这是第5次购买，一如既往的好！ 质量很好，物超所值,2023-01-19
R01605,P1464,U5186,4.0,非常好，我很喜欢！ 这是第4次购买，一如既往的好！,2023-04-28
R01606,P1986,U5033,5.0,客服服务态度很好，耐心解答。 这是第4次购买，一如既往的好！,2023-10-30
R01607,P1743,U5450,1.0,一次糟糕的购物体验。 中规中矩，符合预期，不满意，不会再买,2023-05-09
R01608,P1198,U5579,2.0,一次糟糕的购物体验。,2023-07-29
R01609,P1705,U5745,3.0,用用看再说。 不满意，不会再买,2023-01-07
R01610,P1454,U5839,4.0,推荐购买，效果显著。,2023-02-15
R01611,P1656,U5128,5.0,非常好，我很喜欢！ 这是第3次购买，一如既往的好！,2023-06-28
R01612,P1088,U5035,2.0,客服很不专业，解决不了问题。 真的后悔购买，太糟了！ 性价比很高，值得拥有，性价比不高，不值得,2023-03-31
R01613,P1968,U5041,1.0,有点失望，和描述不符。 真的后悔购买，太糟了！,2023-01-24
R01614,P1929,U5278,2.0,不满意，不会再买。 真的后悔购买，太糟了！,2023-03-04
R01615,P1104,U5263,2.0,有点失望，和描述不符。,2023-07-03
R01616,P1922,U5458,3.0,价格适中，没有惊喜。 没什么好说的，就这样吧。 差评，太差了，中规中矩，符合预期,2023-09-19
R01617,P1322,U5272,2.0,性价比不高，不值得。 简直完美，超出预期，家人都很喜欢，下次还会光顾,2023-12-26
R01618,P1591,U5513,3.0,还可以吧，一般般。 没什么好说的，就这样吧。,2023-10-06
R01619,P1659,U5385,3.0,物流还算正常。,2023-02-25
R01620,P1829,U5972,2.0,一次糟糕的购物体验。 推荐购买，效果显著，简直完美，超出预期,2023-06-19
R01621,P1226,U5985,4.0,性价比很高，值得拥有。 包装精美，送货速度快，非常满意的一次购物，会回购的,2023-10-16
R01622,P1828,U5490,5.0,,2023-04-17
R01623,P1735,U5052,1.0,包装破损，送货慢。 真的后悔购买，太糟了！,2023-07-19
R01624,P1957,U5711,,非常好，我很喜欢！ 这是第2次购买，一如既往的好！,2023-04-30
R01625,P1641,U5778,3.0,还行，凑合用吧。 没什么好说的，就这样吧。,2023-01-14
R01626,P1966,U5293,5.0,外观漂亮，功能齐全。 这是第2次购买，一如既往的好！ 没什么特别的，中规中矩，符合预期,2023-11-13
R01627,P1733,U5339,1.0,包装破损，送货慢。 真的后悔购买，太糟了！ 家人都很喜欢，下次还会光顾,2023-04-10
R01628,P1322,U5956,4.0,家人都很喜欢，下次还会光顾。 这是第2次购买，一如既往的好！ 包装精美，送货速度快,2023-01-18
R01629,P1156,U5898,1.0,不推荐，没什么用。,2023-05-14
R01630,P1669,U5954,3.0,暂时没发现什么问题。,2023-09-17
R01631,P1322,U5866,1.0,有点失望，和描述不符。,2023-06-02
R01632,P1022,U5133,2.0,客服很不专业，解决不了问题。,2023-02-22
R01633,P1761,U5554,3.0,还可以吧，一般般。 没什么好说的，就这样吧。 暂时没发现什么问题,2023-12-26
R01634,P1243,U5354,5.0,外观漂亮，功能齐全。 差评，太差了,2023-06-27
R01635,P1250,U5216,2.0,不满意，不会再买。 性价比不高，不值得,2023-09-22
R01636,P1933,U5722,,简直完美，超出预期。 物流还算正常,2023-04-09
R01637,P1125,U5626,1.0,包装破损，送货慢。 真的后悔购买，太糟了！,2023-11-09
R01638,P1803,U5474,4.0,推荐购买，效果显著。 外观普通，功能有问题,2023-06-10
R01639,P1505,U5049,1.0,差评，太差了。 真的后悔购买，太糟了！ 还行，凑合用吧,2023-04-24
R01640,P1773,U5684,5.0,客服服务态度很好，耐心解答。 这是第1次购买，一如既往的好！ 没什么特别的，简直完美，超出预期,2023-01-17
R01641,P1515,U5751,1.0,性价比不高，不值得。,2023-01-24
R01642,P1875,U5794,2.0,外观普通，功能有问题。 真的后悔购买，太糟了！ 中规中矩，符合预期,2023-09-29
R01643,P1966,U5770,3.0,还行，凑合用吧。,2023-04-09
R01644,P1883,U5570,2.0,质量一般，有瑕疵。 真的后悔购买，太糟了！ 不推荐，没什么用,2023-06-18
R01645,P1464,U5201,4.0,外观漂亮，功能齐全。 用用看再说,2023-08-26
R01646,P1451,U5418,5.0,包装精美，送货速度快。,2023-12-15
R01647,P1567,U5736,4.0,家人都很喜欢，下次还会光顾。 质量很好，物超所值，家人都很喜欢，下次还会光顾,2023-03-09
R01648,P1927,U5415,3.0,挺普通的，没什么特色。 性价比很高，值得拥有，价格适中，没有惊喜,2023-11-05
R01649,P1385,U5589,2.0,质量一般，有瑕疵。 真的后悔购买，太糟了！,2023-10-26
R01650,P1475,U5470,2.0,客服很不专业，解决不了问题。 外观漂亮，功能齐全，不满意，不会再买,2023-04-25
R01651,P1038,U5633,5.0,包装精美，送货速度快。 挺普通的，没什么特色，用用看再说,2023-12-02
R01652,P1149,U5521,5.0,简直完美，超出预期。,2023-12-14
R01653,P1343,U5150,5.0,客服服务态度很好，耐心解答。,2023-01-05
R01654,P1441,U5822,5.0,推荐购买，效果显著。 暂时没发现什么问题，质量很好，物超所值,2023-06-08
R01655,P1553,U5684,2.0,客服很不专业，解决不了问题。 真的后悔购买，太糟了！,2023-03-11
R01656,P1044,U5063,2.0,性价比不高，不值得。,2023-11-07
R01657,P1840,U5341,2.0,性价比不高，不值得。 真的后悔购买，太糟了！,2023-03-11
R01658,P1852,U5674,3.0,用用看再说。 没什么好说的，就这样吧。 差评，太差了，价格适中，没有惊喜,2023-10-29
R01659,P1771,U5832,1.0,质量一般，有瑕疵。,2023-08-23
R01660,P1177,U5671,4.0,包装精美，送货速度快。,2023-11-13
R01661,P1219,U5015,5.0,非常满意的一次购物，会回购的。 一次糟糕的购物体验,2023-04-13
R01662,P1430,U5672,5.0,非常好，我很喜欢！,2023-05-14
R01663,P1559,,4.0,家人都很喜欢，下次还会光顾。 这是第4次购买，一如既往的好！ 一般般，不算好也不算坏,2023-03-17
R01664,P1298,U5326,2.0,不推荐，没什么用。 真的后悔购买，太糟了！,2023-06-21
R01665,P1619,U5012,4.0,家人都很喜欢，下次还会光顾。,2023-12-12
R01666,P1091,U5227,1.0,质量一般，有瑕疵。 客服服务态度很好，耐心解答,2023-09-05
R01667,P1146,U5707,4.0,推荐购买，效果显著。,2023-07-05
R01668,P1906,U5083,1.0,性价比不高，不值得。,2023-02-02
R01669,P1979,U5608,4.0,家人都很喜欢，下次还会光顾。,2023-09-28
R01670,P1914,U5671,5.0,推荐购买，效果显著。 没什么特别的,2023-06-07
R01671,P1831,U5613,2.0,质量一般，有瑕疵。,2023-09-16
R01672,P1808,U5706,1.0,不满意，不会再买。 真的后悔购买，太糟了！ 物流还算正常,2023-03-05
R01673,P1609,U5811,1.0,包装破损，送货慢。 质量很好，物超所值，简直完美，超出预期,2023-05-21
R01674,P1026,U5288,5.0,性价比很高，值得拥有。 这是第1次购买，一如既往的好！ 一次糟糕的购物体验,2023-05-16
R01675,P1432,U5893,5.0,推荐购买，效果显著。 这是第2次购买，一如既往的好！ 性价比不高，不值得，中规中矩，符合预期,2023-06-20
R01676,P1864,U5276,1.0,客服很不专业，解决不了问题。,2023-08-20
R01677,P1637,U5155,2.0,质量一般，有瑕疵。 挺普通的，没什么特色，简直完美，超出预期,2023-07-18
R01678,P1018,U5853,,质量很好，物超所值。 这是第2次购买，一如既往的好！ 还行，凑合用吧,2023-07-14
R01679,P1797,U5418,1.0,不满意，不会再买。 真的后悔购买，太糟了！,2023-03-29
R01680,P1953,U5515,5.0,简直完美，超出预期。 这是第2次购买，一如既往的好！,2023-09-08
R01681,P1471,U5570,1.0,有点失望，和描述不符。,2023-10-05
R01682,P1150,U5854,,物流还算正常。,2023-02-10
R01683,P1962,U5477,4.0,质量很好，物超所值。 这是第4次购买，一如既往的好！,2023-10-18
R01684,P1471,U5350,5.0,非常满意的一次购物，会回购的。 物流还算正常，没什么特别的,2023-07-01
R01685,P1704,U5114,5.0,客服服务态度很好，耐心解答。 这是第4次购买，一如既往的好！ 非常满意的一次购物，会回购的,2023-10-18
R01686,P1482,U5311,1.0,性价比不高，不值得。,2023-09-03
R01687,P1237,U5979,2.0,一次糟糕的购物体验。 真的后悔购买，太糟了！ 不满意，不会再买,2023-07-22
R01688,P1409,U5608,,性价比很高，值得拥有。 还可以吧，一般般,2023-03-23
R01689,P1954,U5107,1.0,,2023-11-15
R01690,P1137,U5291,4.0,外观漂亮，功能齐全。,2023-01-11
R01691,P1574,U5967,3.0,挺普通的，没什么特色。,2023-07-13
R01692,P1482,U5000,5.0,质量很好，物超所值。 非常好，我很喜欢，包装精美，送货速度快,2023-09-15
R01693,P1798,U5917,3.0,还行，凑合用吧。 没什么好说的，就这样吧。,2023-11-01
R01694,P1306,U5970,3.0,还可以吧，一般般。 没什么好说的，就这样吧。 性价比很高，值得拥有，推荐购买，效果显著,2023-10-31
R01695,P1839,U5235,3.0,挺普通的，没什么特色。,2023-03-24
R01696,P1603,U5645,4.0,包装精美，送货速度快。 价格适中，没有惊喜,2023-10-23
R01697,P1039,U5459,2.0,,2023-10-16
R01698,P1412,U5482,5.0,非常满意的一次购物，会回购的。 这是第1次购买，一如既往的好！,2023-12-12
R01699,P1472,U5885,,物流还算正常。 没什么好说的，就这样吧。,2023-09-14
R01700,P1388,U5332,1.0,性价比不高，不值得。,2023-11-19
R01701,P1634,U5434,,外观普通，功能有问题。 真的后悔购买，太糟了！ 不推荐，没什么用,2023-11-20
R01702,P1340,U5937,3.0,还可以吧，一般般。 没什么好说的，就这样吧。,2023-07-07
R01703,P1687,U5577,3.0,一般般，不算好也不算坏。,2023-10-29
R01704,P1037,U5500,5.0,客服服务态度很好，耐心解答。 客服很不专业，解决不了问题,2023-11-15
R01705,P1121,U5482,2.0,,2023-09-18
R01706,P1439,U5836,4.0,客服服务态度很好，耐心解答。,2023-01-20
R01707,P1718,U5486,5.0,性价比很高，值得拥有。 非常好，我很喜欢，一次糟糕的购物体验,2023-03-18
R01708,P1816,U5067,4.0,非常满意的一次购物，会回购的。 这是第2次购买，一如既往的好！ 有点失望，和描述不符,2023-12-18
R01709,P1590,U5332,5.0,外观漂亮，功能齐全。 有点失望，和描述不符,2023-01-07
R01710,P1509,U5114,1.0,性价比不高，不值得。 真的后悔购买，太糟了！ 推荐购买，效果显著，还可以吧，一般般,2023-07-08
R01711,P1716,U5597,3.0,中规中矩，符合预期。 没什么好说的，就这样吧。,2023-10-31
R01712,P1546,U5503,3.0,价格适中，没有惊喜。 没什么好说的，就这样吧。,2023-01-30
R01713,P1766,U5703,2.0,客服很不专业，解决不了问题。 用用看再说,2023-06-09
R01714,P1763,U5564,2.0,包装破损，送货慢。 不推荐，没什么用，质量一般，有瑕疵,2023-08-23
R01715,P1203,U5680,1.0,客服很不专业，解决不了问题。,2023-10-12
R01716,P1244,U5761,4.0,推荐购买，效果显著。,2023-02-02
R01717,P1975,U5109,2.0,性价比不高，不值得。 真的后悔购买，太糟了！,2023-06-29
R01718,P1957,U5472,3.0,没什么特别的。 用用看再说，非常满意的一次购物，会回购的,2023-07-15
R01719,P1819,U5101,3.0,还行，凑合用吧。 没什么好说的，就这样吧。,2023-05-27
R01720,P1811,U5306,2.0,不推荐，没什么用。,2023-02-17
R01721,P1505,U5645,5.0,家人都很喜欢，下次还会光顾。,2023-04-04
R01722,P1894,U5012,1.0,质量一般，有瑕疵。 真的后悔购买，太糟了！,2023-02-15
R01723,P1318,U5665,2.0,不推荐，没什么用。,2023-02-02
R01724,P1912,U5979,1.0,有点失望，和描述不符。,2023-04-14
R01725,P1043,U5088,1.0,不推荐，没什么用。,2023-09-06
R01726,P1129,U5492,3.0,中规中矩，符合预期。,2023-09-15
R01727,P1641,U5798,4.0,质量很好，物超所值。 这是第2次购买，一如既往的好！,2023-01-26
R01728,P1029,U5989,,非常好，我很喜欢！,2023-02-12
R01729,P1147,U5292,5.0,外观漂亮，功能齐全。 这是第3次购买，一如既往的好！ 一般般，不算好也不算坏,2023-06-29
R01730,P1059,U5566,1.0,性价比不高，不值得。,2023-02-27
R01731,P1696,U5761,1.0,差评，太差了。,2023-03-27
R01732,P1165,U5494,4.0,非常好，我很喜欢！ 这是第3次购买，一如既往的好！,2023-03-14
R01733,P1083,U5845,5.0,外观漂亮，功能齐全。 这是第3次购买，一如既往的好！ 性价比不高，不值得,2023-04-06
R01734,P1220,U5592,3.0,价格适中，没有惊喜。,2023-12-25
R01735,P1805,U5380,4.0,外观漂亮，功能齐全。,2023-12-12
R01736,P1018,U5265,1.0,不推荐，没什么用。,2023-05-16
R01737,P1919,U5950,3.0,挺普通的，没什么特色。,2023-05-17
R01738,P1954,U5734,3.0,中规中矩，符合预期。 没什么好说的，就这样吧。 性价比不高，不值得,2023-10-08
R01739,P1330,U5663,4.0,质量很好，物超所值。 用用看再说，推荐购买，效果显著,2023-09-30
R01740,P1859,U5302,1.0,外观普通，功能有问题。 有点失望，和描述不符，物流还算正常,2023-03-16
R01741,P1662,U5434,5.0,家人都很喜欢，下次还会光顾。 这是第2次购买，一如既往的好！,2023-06-24
R01742,P1006,U5865,4.0,,2023-01-04
R01743,P1172,U5493,2.0,有点失望，和描述不符。,2023-01-07
R01744,P1081,U5918,5.0,,2023-08-12
R01745,P1522,U5118,5.0,简直完美，超出预期。,2023-11-13
R01746,P1999,U5135,5.0,外观漂亮，功能齐全。 这是第5次购买，一如既往的好！,2023-03-13
R01747,P1938,U5953,3.0,中规中矩，符合预期。 没什么好说的，就这样吧。,2023-09-06
R01748,P1165,U5238,5.0,,2023-05-16
R01749,P1110,U5375,4.0,,2023-05-23
R01750,P1938,U5665,5.0,推荐购买，效果显著。 这是第4次购买，一如既往的好！,2023-04-09
R01751,P1571,U5476,2.0,质量一般，有瑕疵。 真的后悔购买，太糟了！,2023-08-06
R01752,P1814,U5136,2.0,有点失望，和描述不符。 一般般，不算好也不算坏,2023-04-02
R01753,P1903,U5763,1.0,性价比不高，不值得。 非常满意的一次购物，会回购的，简直完美，超出预期,2023-05-27
R01754,P1101,U5429,4.0,家人都很喜欢，下次还会光顾。 用用看再说,2023-08-31
R01755,P1088,U5928,3.0,物流还算正常。 没什么好说的，就这样吧。 性价比不高，不值得,2023-05-17
R01756,P1143,U5479,4.0,包装精美，送货速度快。 推荐购买，效果显著,2023-06-19
R01757,P1121,U5989,5.0,包装精美，送货速度快。 这是第2次购买，一如既往的好！ 简直完美，超出预期,2023-06-25
R01758,P1371,U5874,5.0,包装精美，送货速度快。,2023-11-25
R01759,P1151,U5519,3.0,还行，凑合用吧。,2023-01-05
R01760,P1044,U5469,5.0,家人都很喜欢，下次还会光顾。,2023-06-15
R01761,P1388,U5233,,非常满意的一次购物，会回购的。 这是第2次购买，一如既往的好！,2023-08-01
R01762,P1236,U5925,4.0,,2023-10-11
R01763,P1515,U5513,4.0,质量很好，物超所值。,2023-11-19
R01764,P1599,U5757,3.0,没什么特别的。 没什么好说的，就这样吧。 物流还算正常，不推荐，没什么用,2023-03-15
R01765,P1357,U5073,1.0,差评，太差了。 真的后悔购买，太糟了！,2023-06-07
R01766,P1723,U5748,2.0,质量一般，有瑕疵。 性价比很高，值得拥有,2023-01-18
R01767,P1579,U5757,4.0,非常满意的一次购物，会回购的。 这是第2次购买，一如既往的好！ 还可以吧，一般般,2023-04-27
R01768,P1762,U5348,5.0,非常满意的一次购物，会回购的。 这是第1次购买，一如既往的好！,2023-05-26
R01769,P1058,U5228,2.0,不推荐，没什么用。,2023-12-26
R01770,P1429,U5982,4.0,性价比很高，值得拥有。,2023-07-10
R01771,P1554,U5093,2.0,质量一般，有瑕疵。,2023-01-06
R01772,P1176,U5660,4.0,性价比很高，值得拥有。 非常好，我很喜欢，客服很不专业，解决不了问题,2023-11-04
R01773,P1961,U5857,3.0,物流还算正常。 没什么好说的，就这样吧。,2023-10-18
R01774,P1143,U5028,1.0,不满意，不会再买。 真的后悔购买，太糟了！,2023-04-23
R01775,P1128,U5643,1.0,客服很不专业，解决不了问题。 真的后悔购买，太糟了！ 用用看再说,2023-02-08
R01776,P1265,U5219,3.0,用用看再说。,2023-07-14
R01777,P1630,U5901,2.0,包装破损，送货慢。 真的后悔购买，太糟了！,2023-12-03
R01778,P1512,U5048,1.0,不满意，不会再买。 真的后悔购买，太糟了！,2023-11-20
R01779,P1082,U5289,2.0,质量一般，有瑕疵。 真的后悔购买，太糟了！ 家人都很喜欢，下次还会光顾,2023-06-21
R01780,P1183,U5928,1.0,客服很不专业，解决不了问题。 真的后悔购买，太糟了！,2023-09-27
R01781,P1064,U5776,1.0,外观普通，功能有问题。,2023-09-12
R01782,P1182,U5140,1.0,质量一般，有瑕疵。 外观漂亮，功能齐全,2023-09-17
R01783,P1923,U5197,1.0,不推荐，没什么用。 真的后悔购买，太糟了！ 暂时没发现什么问题,2023-09-27
R01784,P1992,U5593,2.0,差评，太差了。,2023-12-05
R01785,P1270,U5493,3.0,暂时没发现什么问题。,2023-06-17
R01786,P1820,U5359,3.0,挺普通的，没什么特色。,2023-10-26
R01787,P1361,U5855,5.0,非常好，我很喜欢！ 这是第2次购买，一如既往的好！,2023-05-19
R01788,P1750,U5519,2.0,性价比不高，不值得。 真的后悔购买，太糟了！,2023-05-09
R01789,P1618,U5460,2.0,一次糟糕的购物体验。 真的后悔购买，太糟了！,2023-11-10
R01790,P1425,U5401,3.0,暂时没发现什么问题。 没什么好说的，就这样吧。,2023-04-04
R01791,P1761,U5759,4.0,非常好，我很喜欢！,2023-03-06
R01792,P1637,U5060,1.0,一次糟糕的购物体验。,2023-06-26
R01793,P1148,U5545,4.0,客服服务态度很好，耐心解答。,2023-02-04
R01794,P1452,U5158,1.0,包装破损，送货慢。,2023-11-24
R01795,P1541,U5090,1.0,包装破损，送货慢。,2023-12-15
R01796,P1680,U5220,3.0,还可以吧，一般般。 包装精美，送货速度快，家人都很喜欢，下次还会光顾,2023-10-11
R01797,P1177,U5376,3.0,还可以吧，一般般。,2023-09-12
R01798,P1402,U5951,1.0,,2023-01-06
R01799,P1362,U5049,5.0,客服服务态度很好，耐心解答。 这是第5次购买，一如既往的好！,2023-09-23
R01800,P1760,U5075,3.0,一般般，不算好也不算坏。,2023-07-03
R01801,P1834,U5768,1.0,质量一般，有瑕疵。,2023-07-11
R01802,P1402,,5.0,客服服务态度很好，耐心解答。,2023-04-27
R01803,P1618,U5560,4.0,非常好，我很喜欢！ 这是第5次购买，一如既往的好！ 暂时没发现什么问题，不满意，不会再买,2023-11-06
R01804,P1661,U5641,3.0,用用看再说。 没什么好说的，就这样吧。 挺普通的，没什么特色,2023-02-14
R01805,P1819,U5939,2.0,一次糟糕的购物体验。 价格适中，没有惊喜,2023-11-22
R01806,P1274,U5392,1.0,客服很不专业，解决不了问题。,2023-04-04
R01807,P1528,U5927,2.0,性价比不高，不值得。,2023-04-18
R01808,P1454,U5245,1.0,性价比不高，不值得。 真的后悔购买，太糟了！,2023-06-05
R01809,P1341,U5335,5.0,客服服务态度很好，耐心解答。,2023-03-29
R01810,P1430,U5984,3.0,物流还算正常。 外观漂亮，功能齐全，暂时没发现什么问题,2023-05-09
R01811,P1508,U5232,2.0,性价比不高，不值得。 真的后悔购买，太糟了！ 不满意，不会再买,2023-07-10
R01812,P1143,U5941,5.0,非常好，我很喜欢！ 这是第3次购买，一如既往的好！,2023-08-14
R01813,P1295,U5582,,推荐购买，效果显著。,2023-06-25
R01814,P1018,U5481,2.0,有点失望，和描述不符。,2023-08-25
R01815,P1670,U5746,2.0,客服很不专业，解决不了问题。 差评，太差了，客服很不专业，解决不了问题,2023-09-10
R01816,P1330,U5810,2.0,客服很不专业，解决不了问题。 不推荐，没什么用，推荐购买，效果显著,2023-04-10
R01817,P1116,U5889,4.0,客服服务态度很好，耐心解答。 还行，凑合用吧，客服很不专业，解决不了问题,2023-06-27
R01818,P1947,U5671,3.0,价格适中，没有惊喜。 还行，凑合用吧，外观漂亮，功能齐全,2023-08-23
R01819,P1953,U5299,4.0,客服服务态度很好，耐心解答。 这是第4次购买，一如既往的好！ 还行，凑合用吧,2023-08-12
R01820,P1344,U5884,4.0,非常好，我很喜欢！ 这是第1次购买，一如既往的好！,2023-02-20
R01821,P1294,U5627,,性价比不高，不值得。,2023-01-19
R01822,P1178,U5795,3.0,一般般，不算好也不算坏。,2023-12-06
R01823,P1767,U5326,5.0,质量很好，物超所值。,2023-01-07
R01824,P1106,U5868,,没什么特别的。,2023-07-04
R01825,P1468,U5642,4.0,家人都很喜欢，下次还会光顾。,2023-06-20
R01826,P1500,U5658,3.0,用用看再说。,2023-04-06
R01827,P1203,U5394,5.0,包装精美，送货速度快。 这是第4次购买，一如既往的好！,2023-05-02
R01828,P1219,U5443,1.0,不推荐，没什么用。,2023-06-13
R01829,P1637,U5398,3.0,暂时没发现什么问题。,2023-05-04
R01830,P1833,U5345,2.0,包装破损，送货慢。 不推荐，没什么用,2023-02-24
R01831,P1229,U5348,1.0,不满意，不会再买。 真的后悔购买，太糟了！ 挺普通的，没什么特色,2023-03-09
R01832,P1479,U5122,4.0,包装精美，送货速度快。 这是第2次购买，一如既往的好！,2023-04-08
R01833,P1488,U5627,3.0,用用看再说。,2023-08-05
R01834,P1940,U5516,1.0,包装破损，送货慢。 不推荐，没什么用,2023-03-16
R01835,P1245,U5798,4.0,非常好，我很喜欢！,2023-03-22
R01836,P1235,U5604,2.0,质量一般，有瑕疵。 不满意，不会再买,2023-08-26
R01837,P1870,U5252,1.0,客服很不专业，解决不了问题。,2023-06-21
R01838,P1848,U5905,1.0,不满意，不会再买。,2023-09-28
R01839,P1203,U5826,4.0,包装精美，送货速度快。 这是第1次购买，一如既往的好！ 非常满意的一次购物，会回购的，有点失望，和描述不符,2023-08-19
R01840,P1492,U5882,1.0,一次糟糕的购物体验。 真的后悔购买，太糟了！,2023-05-15
R01841,P1373,U5046,4.0,推荐购买，效果显著。 这是第3次购买，一如既往的好！ 不满意，不会再买,2023-01-10
R01842,P1882,U5514,3.0,一般般，不算好也不算坏。,2023-11-06
R01843,P1827,U5546,5.0,非常好，我很喜欢！ 这是第3次购买，一如既往的好！,2023-07-23
R01844,P1361,U5965,2.0,不推荐，没什么用。 不推荐，没什么用,2023-01-12
R01845,P1567,U5548,3.0,价格适中，没有惊喜。,2023-07-06
R01846,P1150,U5267,2.0,有点失望，和描述不符。,2023-06-04
R01847,P1682,U5832,3.0,暂时没发现什么问题。,2023-01-04
R01848,P1176,U5497,1.0,客服很不专业，解决不了问题。 真的后悔购买，太糟了！ 价格适中，没有惊喜，不推荐，没什么用,2023-05-02
R01849,P1811,U5147,4.0,,2023-11-14
R01850,P1701,U5407,4.0,性价比很高，值得拥有。,2023-10-18
R01851,P1696,U5277,5.0,包装精美，送货速度快。 这是第5次购买，一如既往的好！,2023-10-05
R01852,P1189,U5916,1.0,外观普通，功能有问题。 物流还算正常,2023-04-12
R01853,P1083,U5062,2.0,不满意，不会再买。,2023-08-31
R01854,P1025,U5762,1.0,不推荐，没什么用。 真的后悔购买，太糟了！ 一般般，不算好也不算坏，没什么特别的,2023-07-16
R01855,P1505,U5860,1.0,外观普通，功能有问题。 真的后悔购买，太糟了！ 还行，凑合用吧,2023-08-17
R01856,P1256,U5383,3.0,没什么特别的。,2023-11-17
R01857,P1015,U5870,4.0,简直完美，超出预期。 非常好，我很喜欢，还行，凑合用吧,2023-07-11
R01858,P1316,U5128,5.0,简直完美，超出预期。,2023-01-18
R01859,P1201,U5423,3.0,没什么特别的。 没什么好说的，就这样吧。,2023-11-09
R01860,P1166,U5713,3.0,物流还算正常。 包装精美，送货速度快，推荐购买，效果显著,2023-08-07
R01861,P1486,U5959,5.0,非常满意的一次购物，会回购的。 这是第3次购买，一如既往的好！ 用用看再说,2023-05-05
R01862,P1690,U5355,2.0,一次糟糕的购物体验。 真的后悔购买，太糟了！,2023-12-21
R01863,P1514,U5205,1.0,客服很不专业，解决不了问题。 真的后悔购买，太糟了！ 家人都很喜欢，下次还会光顾，一次糟糕的购物体验,2023-02-04
R01864,P1040,U5196,2.0,一次糟糕的购物体验。 物流还算正常,2023-06-28
R01865,P1856,U5069,2.0,有点失望，和描述不符。,2023-06-11
R01866,P1041,U5509,3.0,还行，凑合用吧。,2023-04-14
R01867,P1211,U5918,5.0,,2023-04-15
R01868,P1861,U5977,3.0,中规中矩，符合预期。 没什么好说的，就这样吧。,2023-12-30
R01869,P1476,U5287,3.0,暂时没发现什么问题。 性价比很高，值得拥有,2023-01-10
R01870,P1788,U5893,2.0,外观普通，功能有问题。 真的后悔购买，太糟了！,2023-08-21
R01871,P1368,U5004,5.0,简直完美，超出预期。 这是第4次购买，一如既往的好！,2023-08-14
R01872,P1136,U5092,5.0,客服服务态度很好，耐心解答。 推荐购买，效果显著，暂时没发现什么问题,2023-01-10
R01873,P1424,U5320,5.0,非常好，我很喜欢！ 这是第5次购买，一如既往的好！,2023-07-05
R01874,P1681,U5008,2.0,有点失望，和描述不符。 真的后悔购买，太糟了！,2023-07-11
R01875,P1134,U5268,2.0,客服很不专业，解决不了问题。 真的后悔购买，太糟了！,2023-07-30
R01876,P1601,U5251,2.0,差评，太差了。,2023-02-13
R01877,P1758,U5279,2.0,不推荐，没什么用。 真的后悔购买，太糟了！,2023-01-16
R01878,P1272,U5385,4.0,家人都很喜欢，下次还会光顾。,2023-02-21
R01879,P1181,U5366,1.0,包装破损，送货慢。 真的后悔购买，太糟了！,2023-08-16
R01880,P1731,U5770,4.0,包装精美，送货速度快。 这是第4次购买，一如既往的好！,2023-08-17
R01881,P1108,U5649,5.0,推荐购买，效果显著。 性价比不高，不值得,2023-03-06
R01882,P1435,U5778,5.0,性价比很高，值得拥有。 这是第2次购买，一如既往的好！,2023-07-22
R01883,P1571,U5073,1.0,差评，太差了。 价格适中，没有惊喜，非常满意的一次购物，会回购的,2023-12-21
R01884,P1772,U5903,3.0,价格适中，没有惊喜。 用用看再说,2023-01-30
R01885,P1151,U5883,1.0,性价比不高，不值得。 真的后悔购买，太糟了！,2023-03-29
R01886,P1217,U5771,,非常满意的一次购物，会回购的。 这是第3次购买，一如既往的好！ 性价比很高，值得拥有,2023-01-05
R01887,P1870,U5631,5.0,客服服务态度很好，耐心解答。 这是第4次购买，一如既往的好！,2023-06-16
R01888,P1501,U5141,5.0,质量很好，物超所值。,2023-08-10
R01889,P1042,U5944,2.0,客服很不专业，解决不了问题。,2023-02-01
R01890,P1717,U5667,1.0,性价比不高，不值得。,2023-10-20
R01891,P1546,U5181,4.0,客服服务态度很好，耐心解答。 这是第1次购买，一如既往的好！,2023-01-19
R01892,P1210,U5843,3.0,还行，凑合用吧。,2023-07-01
R01893,P1365,U5719,5.0,,2023-08-08
R01894,P1739,U5505,1.0,差评，太差了。,2023-07-27
R01895,P1172,U5031,4.0,性价比很高，值得拥有。 这是第3次购买，一如既往的好！,2023-08-17
R01896,P1961,U5907,2.0,,2023-07-20
R01897,P1674,U5553,1.0,客服很不专业，解决不了问题。 真的后悔购买，太糟了！,2023-07-24
R01898,P1245,U5124,2.0,性价比不高，不值得。,2023-07-07
R01899,P1482,U5722,3.0,中规中矩，符合预期。 客服服务态度很好，耐心解答,2023-07-22
R01900,P1188,U5674,4.0,家人都很喜欢，下次还会光顾。 这是第4次购买，一如既往的好！ 差评，太差了，包装破损，送货慢,2023-09-01
R01901,P1005,U5938,5.0,非常满意的一次购物，会回购的。 还可以吧，一般般，一次糟糕的购物体验,2023-05-25
R01902,P1325,U5092,1.0,有点失望，和描述不符。 真的后悔购买，太糟了！,2023-07-24
R01903,P1828,U5284,4.0,外观漂亮，功能齐全。,2023-05-07
R01904,P1201,U5623,5.0,非常好，我很喜欢！,2023-07-15
R01905,P1623,U5601,5.0,包装精美，送货速度快。 这是第1次购买，一如既往的好！,2023-12-22
R01906,P1942,U5815,2.0,有点失望，和描述不符。 真的后悔购买，太糟了！,2023-12-03
R01907,P1926,U5081,5.0,客服服务态度很好，耐心解答。 挺普通的，没什么特色，包装破损，送货慢,2023-09-24
R01908,P1430,U5271,4.0,客服服务态度很好，耐心解答。 这是第2次购买，一如既往的好！,2023-01-14
R01909,P1465,U5572,5.0,外观漂亮，功能齐全。 这是第3次购买，一如既往的好！,2023-07-19
R01910,P1405,U5913,1.0,质量一般，有瑕疵。 还可以吧，一般般，中规中矩，符合预期,2023-11-18
R01911,P1126,U5594,3.0,暂时没发现什么问题。 还可以吧，一般般,2023-11-06
R01912,P1996,U5441,5.0,外观漂亮，功能齐全。 用用看再说,2023-12-29
R01913,P1270,U5183,5.0,外观漂亮，功能齐全。 暂时没发现什么问题，简直完美，超出预期,2023-12-01
R01914,P1383,U5150,1.0,性价比不高，不值得。 真的后悔购买，太糟了！,2023-03-23
R01915,P1015,U5631,2.0,性价比不高，不值得。,2023-06-13
R01916,P1177,U5563,1.0,质量一般，有瑕疵。,2023-11-13
R01917,P1623,U5275,4.0,简直完美，超出预期。 这是第4次购买，一如既往的好！ 物流还算正常,2023-06-23
R01918,P1020,U5872,2.0,一次糟糕的购物体验。 真的后悔购买，太糟了！,2023-09-03
R01919,P1202,U5047,3.0,用用看再说。 没什么好说的，就这样吧。,2023-06-04
R01920,P1203,U5576,2.0,,2023-05-30
R01921,P1625,U5047,4.0,简直完美，超出预期。 这是第1次购买，一如既往的好！,2023-06-08
R01922,P1424,U5456,2.0,外观普通，功能有问题。,2023-12-17
R01923,P1340,U5817,5.0,外观漂亮，功能齐全。 性价比很高，值得拥有，包装破损，送货慢,2023-05-05
R01924,P1259,U5681,3.0,没什么特别的。,2023-03-16
R01925,P1367,U5643,2.0,质量一般，有瑕疵。,2023-04-17
R01926,P1366,U5287,,外观普通，功能有问题。 真的后悔购买，太糟了！,2023-06-19
R01927,P1737,U5298,3.0,暂时没发现什么问题。 没什么好说的，就这样吧。,2023-07-18
R01928,P1751,U5262,2.0,一次糟糕的购物体验。 真的后悔购买，太糟了！,2023-05-01
R01929,P1982,U5723,2.0,包装破损，送货慢。 家人都很喜欢，下次还会光顾，物流还算正常,2023-09-20
R01930,P1020,U5047,2.0,外观普通，功能有问题。 真的后悔购买，太糟了！,2023-05-08
R01931,P1199,U5815,1.0,不满意，不会再买。 包装破损，送货慢,2023-11-28
R01932,P1014,U5596,5.0,性价比很高，值得拥有。 这是第4次购买，一如既往的好！,2023-01-06
R01933,P1557,U5103,1.0,性价比不高，不值得。 真的后悔购买，太糟了！,2023-12-28
R01934,P1415,U5146,2.0,包装破损，送货慢。,2023-04-01
R01935,P1641,U5457,2.0,客服很不专业，解决不了问题。,2023-03-30
R01936,P1547,U5182,4.0,非常好，我很喜欢！ 非常好，我很喜欢，客服很不专业，解决不了问题,2023-10-24
R01937,P1447,U5810,1.0,性价比不高，不值得。,2023-02-14
R01938,P1791,U5232,3.0,挺普通的，没什么特色。 没什么好说的，就这样吧。 包装精美，送货速度快，质量一般，有瑕疵,2023-11-19
R01939,P1553,U5851,2.0,有点失望，和描述不符。 质量很好，物超所值,2023-02-01
R01940,P1505,U5503,4.0,非常好，我很喜欢！ 一次糟糕的购物体验，外观漂亮，功能齐全,2023-01-10
R01941,P1200,U5763,3.0,一般般，不算好也不算坏。 没什么好说的，就这样吧。,2023-01-19
R01942,P1538,U5819,5.0,家人都很喜欢，下次还会光顾。 这是第1次购买，一如既往的好！,2023-10-27
R01943,P1898,U5752,2.0,一次糟糕的购物体验。,2023-08-23
R01944,P1101,U5648,3.0,挺普通的，没什么特色。,2023-12-15
R01945,P1748,U5229,3.0,,2023-01-09
R01946,P1387,U5053,1.0,客服很不专业，解决不了问题。 性价比不高，不值得，质量一般，有瑕疵,2023-04-19
R01947,P1775,U5558,4.0,性价比很高，值得拥有。,2023-03-02
R01948,P1157,U5295,5.0,简直完美，超出预期。,2023-02-25
R01949,P1965,U5094,4.0,外观漂亮，功能齐全。 物流还算正常，非常好，我很喜欢,2023-05-24
R01950,P1842,U5857,1.0,一次糟糕的购物体验。 真的后悔购买，太糟了！,2023-04-22
R01951,P1290,U5165,2.0,包装破损，送货慢。 真的后悔购买，太糟了！,2023-05-02
R01952,P1500,U5240,2.0,有点失望，和描述不符。,2023-11-02
R01953,P1080,U5734,5.0,客服服务态度很好，耐心解答。,2023-02-18
R01954,P1628,U5768,1.0,不推荐，没什么用。,2023-12-10
R01955,P1923,U5598,1.0,质量一般，有瑕疵。,2023-11-17
R01956,P1071,U5447,4.0,非常满意的一次购物，会回购的。 这是第4次购买，一如既往的好！,2023-04-05
R01957,P1687,U5305,2.0,包装破损，送货慢。 包装破损，送货慢,2023-11-15
R01958,P1622,U5658,3.0,暂时没发现什么问题。 没什么好说的，就这样吧。 没什么特别的,2023-01-27
R01959,P1649,U5821,4.0,包装精美，送货速度快。 这是第3次购买，一如既往的好！,2023-09-10
R01960,P1477,U5837,,不满意，不会再买。 真的后悔购买，太糟了！,2023-03-10
R01961,P1546,U5788,4.0,包装精美，送货速度快。,2023-06-26
R01962,P1614,U5224,2.0,不满意，不会再买。 有点失望，和描述不符,2023-03-10
R01963,P1985,U5993,1.0,性价比不高，不值得。 质量很好，物超所值，性价比很高，值得拥有,2023-07-25
R01964,P1289,U5755,2.0,外观普通，功能有问题。,2023-09-04
R01965,P1026,U5713,5.0,非常好，我很喜欢！,2023-05-18
R01966,P1576,U5438,4.0,非常满意的一次购物，会回购的。,2023-09-03
R01967,P1410,U5347,4.0,非常满意的一次购物，会回购的。,2023-11-23
R01968,P1609,U5956,1.0,外观普通，功能有问题。 真的后悔购买，太糟了！,2023-03-30
R01969,P1467,U5555,2.0,客服很不专业，解决不了问题。 真的后悔购买，太糟了！,2023-04-30
R01970,P1770,U5403,4.0,非常满意的一次购物，会回购的。,2023-06-25
R01971,P1869,U5884,2.0,差评，太差了。 中规中矩，符合预期,2023-03-14
R01972,P1538,U5992,2.0,有点失望，和描述不符。,2023-05-31
R01973,P1850,U5439,3.0,没什么特别的。 推荐购买，效果显著，客服很不专业，解决不了问题,2023-05-17
R01974,P1943,U5242,4.0,外观漂亮，功能齐全。 这是第2次购买，一如既往的好！,2023-08-16
R01975,P1949,U5561,1.0,外观普通，功能有问题。 真的后悔购买，太糟了！,2023-09-27
R01976,P1820,U5030,4.0,包装精美，送货速度快。 这是第5次购买，一如既往的好！,2023-06-13
R01977,P1883,U5032,,外观漂亮，功能齐全。,2023-12-04
R01978,P1227,U5078,4.0,客服服务态度很好，耐心解答。,2023-03-27
R01979,P1360,U5097,2.0,不满意，不会再买。 真的后悔购买，太糟了！,2023-12-25
R01980,P1508,U5719,4.0,质量很好，物超所值。,2023-08-02
R01981,P1462,U5114,2.0,不满意，不会再买。 真的后悔购买，太糟了！ 质量很好，物超所值,2023-08-22
R01982,P1871,U5861,4.0,客服服务态度很好，耐心解答。 这是第1次购买，一如既往的好！,2023-08-10
R01983,P1033,U5250,4.0,客服服务态度很好，耐心解答。,2023-02-24
R01984,P1151,U5847,4.0,包装精美，送货速度快。,2023-05-15
R01985,P1173,U5294,1.0,客服很不专业，解决不了问题。,2023-07-02
R01986,P1846,U5488,3.0,物流还算正常。 外观普通，功能有问题,2023-03-12
R01987,P1940,U5029,5.0,非常满意的一次购物，会回购的。,2023-09-15
R01988,P1963,U5830,5.0,性价比很高，值得拥有。,2023-05-06
R01989,P1480,U5709,1.0,质量一般，有瑕疵。,2023-09-09
R01990,P1584,U5190,4.0,外观漂亮，功能齐全。 这是第2次购买，一如既往的好！ 客服服务态度很好，耐心解答，物流还算正常,2023-11-09
R01991,P1250,U5850,2.0,一次糟糕的购物体验。,2023-06-27
R01992,P1041,U5635,4.0,外观漂亮，功能齐全。 这是第3次购买，一如既往的好！,2023-09-16
R01993,P1014,U5223,2.0,一次糟糕的购物体验。,2023-06-02
R01994,P1519,U5050,4.0,非常满意的一次购物，会回购的。,2023-12-07
R01995,P1719,U5639,4.0,简直完美，超出预期。 这是第5次购买，一如既往的好！,2023-08-17
R01996,P1029,U5430,2.0,包装破损，送货慢。,2023-11-19
R01997,P1259,U5241,2.0,客服很不专业，解决不了问题。,2023-01-15
R01998,P1091,U5270,4.0,简直完美，超出预期。 没什么特别的，不满意，不会再买,2023-03-12
R01999,P1753,U5885,2.0,性价比不高，不值得。 真的后悔购买，太糟了！,2023-05-22
